ISO-10303-21;
HEADER;
FILE_DESCRIPTION(('Open CASCADE Model'),'2;1');
FILE_NAME('Open CASCADE Shape Model','2026-09-27T22:10:26',('Author'),(
    'Open CASCADE'),'Open CASCADE STEP processor 7.9','build123d',
  'Unknown');
FILE_SCHEMA(('AUTOMOTIVE_DESIGN { 1 0 10303 214 1 1 1 1 }'));
ENDSEC;
DATA;
#1 = APPLICATION_PROTOCOL_DEFINITION('international standard',
  'automotive_design',2000,#2);
#2 = APPLICATION_CONTEXT(
  'core data for automotive mechanical design processes');
#3 = SHAPE_DEFINITION_REPRESENTATION(#4,#10);
#4 = PRODUCT_DEFINITION_SHAPE('','',#5);
#5 = PRODUCT_DEFINITION('design','',#6,#9);
#6 = PRODUCT_DEFINITION_FORMATION('','',#7);
#7 = PRODUCT('=>[0:1:1:2]','=>[0:1:1:2]','',(#8));
#8 = PRODUCT_CONTEXT('',#2,'mechanical');
#9 = PRODUCT_DEFINITION_CONTEXT('part definition',#2,'design');
#10 = SHAPE_REPRESENTATION('',(#11,#15),#19);
#11 = AXIS2_PLACEMENT_3D('',#12,#13,#14);
#12 = CARTESIAN_POINT('',(0.,0.,0.));
#13 = DIRECTION('',(0.,0.,1.));
#14 = DIRECTION('',(1.,0.,-0.));
#15 = AXIS2_PLACEMENT_3D('',#16,#17,#18);
#16 = CARTESIAN_POINT('',(64.813509255572,-22.85,-22.9999999));
#17 = DIRECTION('',(-1.,-0.,0.));
#18 = DIRECTION('',(0.,0.,1.));
#19 = ( GEOMETRIC_REPRESENTATION_CONTEXT(3) 
GLOBAL_UNCERTAINTY_ASSIGNED_CONTEXT((#23)) GLOBAL_UNIT_ASSIGNED_CONTEXT(
(#20,#21,#22)) REPRESENTATION_CONTEXT('Context #1',
  '3D Context with UNIT and UNCERTAINTY') );
#20 = ( LENGTH_UNIT() NAMED_UNIT(*) SI_UNIT(.MILLI.,.METRE.) );
#21 = ( NAMED_UNIT(*) PLANE_ANGLE_UNIT() SI_UNIT($,.RADIAN.) );
#22 = ( NAMED_UNIT(*) SI_UNIT($,.STERADIAN.) SOLID_ANGLE_UNIT() );
#23 = UNCERTAINTY_MEASURE_WITH_UNIT(LENGTH_MEASURE(2.E-07),#20,
  'distance_accuracy_value','confusion accuracy');
#24 = PRODUCT_RELATED_PRODUCT_CATEGORY('part',$,(#7));
#25 = SHAPE_DEFINITION_REPRESENTATION(#26,#32);
#26 = PRODUCT_DEFINITION_SHAPE('','',#27);
#27 = PRODUCT_DEFINITION('design','',#28,#31);
#28 = PRODUCT_DEFINITION_FORMATION('','',#29);
#29 = PRODUCT('COMPOUND','COMPOUND','',(#30));
#30 = PRODUCT_CONTEXT('',#2,'mechanical');
#31 = PRODUCT_DEFINITION_CONTEXT('part definition',#2,'design');
#32 = ADVANCED_BREP_SHAPE_REPRESENTATION('',(#11,#33),#4065);
#33 = MANIFOLD_SOLID_BREP('',#34);
#34 = CLOSED_SHELL('',(#35,#247,#407,#2133,#3022,#3689,#3765,#3812,#3857
    ,#3911,#3943,#3953,#4004,#4031,#4058));
#35 = ADVANCED_FACE('',(#36),#51,.T.);
#36 = FACE_BOUND('',#37,.T.);
#37 = EDGE_LOOP('',(#38,#78,#106,#221));
#38 = ORIENTED_EDGE('',*,*,#39,.F.);
#39 = EDGE_CURVE('',#40,#42,#44,.T.);
#40 = VERTEX_POINT('',#41);
#41 = CARTESIAN_POINT('',(23.,99.221976981316,25.644702119399));
#42 = VERTEX_POINT('',#43);
#43 = CARTESIAN_POINT('',(23.,101.03793898027,22.080676022646));
#44 = SURFACE_CURVE('',#45,(#50,#62),.PCURVE_S1.);
#45 = CIRCLE('',#46,2.);
#46 = AXIS2_PLACEMENT_3D('',#47,#48,#49);
#47 = CARTESIAN_POINT('',(23.,100.12995798079,23.862689071023));
#48 = DIRECTION('',(-1.,-0.,0.));
#49 = DIRECTION('',(0.,-0.891006524188,-0.45399049974));
#50 = PCURVE('',#51,#56);
#51 = CYLINDRICAL_SURFACE('',#52,2.);
#52 = AXIS2_PLACEMENT_3D('',#53,#54,#55);
#53 = CARTESIAN_POINT('',(23.,100.12995798079,23.862689071023));
#54 = DIRECTION('',(-1.,-0.,0.));
#55 = DIRECTION('',(0.,-0.891006524188,-0.45399049974));
#56 = DEFINITIONAL_REPRESENTATION('',(#57),#61);
#57 = LINE('',#58,#59);
#58 = CARTESIAN_POINT('',(0.,0.));
#59 = VECTOR('',#60,1.);
#60 = DIRECTION('',(1.,0.));
#61 = ( GEOMETRIC_REPRESENTATION_CONTEXT(2) 
PARAMETRIC_REPRESENTATION_CONTEXT() REPRESENTATION_CONTEXT('2D SPACE',''
  ) );
#62 = PCURVE('',#63,#68);
#63 = PLANE('',#64);
#64 = AXIS2_PLACEMENT_3D('',#65,#66,#67);
#65 = CARTESIAN_POINT('',(23.,52.191894655947,37.675660875702));
#66 = DIRECTION('',(1.,0.,0.));
#67 = DIRECTION('',(0.,1.,0.));
#68 = DEFINITIONAL_REPRESENTATION('',(#69),#77);
#69 = ( BOUNDED_CURVE() B_SPLINE_CURVE(2,(#70,#71,#72,#73,#74,#75,#76),
.UNSPECIFIED.,.T.,.F.) B_SPLINE_CURVE_WITH_KNOTS((1,2,2,2,2,1),(
    -2.094395102393,0.,2.094395102393,4.188790204786,6.28318530718,
8.377580409573),.UNSPECIFIED.) CURVE() GEOMETRIC_REPRESENTATION_ITEM() 
RATIONAL_B_SPLINE_CURVE((1.,0.5,1.,0.5,1.,0.5,1.)) REPRESENTATION_ITEM(
  '') );
#70 = CARTESIAN_POINT('',(46.156050276471,-14.72095280415));
#71 = CARTESIAN_POINT('',(44.583381053066,-11.63441566461));
#72 = CARTESIAN_POINT('',(48.042735237334,-11.81571273517));
#73 = CARTESIAN_POINT('',(51.502089421601,-11.99700980572));
#74 = CARTESIAN_POINT('',(49.615404460739,-14.9022498747));
#75 = CARTESIAN_POINT('',(47.728719499876,-17.80748994369));
#76 = CARTESIAN_POINT('',(46.156050276471,-14.72095280415));
#77 = ( GEOMETRIC_REPRESENTATION_CONTEXT(2) 
PARAMETRIC_REPRESENTATION_CONTEXT() REPRESENTATION_CONTEXT('2D SPACE',''
  ) );
#78 = ORIENTED_EDGE('',*,*,#79,.T.);
#79 = EDGE_CURVE('',#40,#80,#82,.T.);
#80 = VERTEX_POINT('',#81);
#81 = CARTESIAN_POINT('',(49.561720531361,99.221976981316,
    25.644702119399));
#82 = SURFACE_CURVE('',#83,(#87,#94),.PCURVE_S1.);
#83 = LINE('',#84,#85);
#84 = CARTESIAN_POINT('',(23.,99.221976981316,25.644702119399));
#85 = VECTOR('',#86,1.);
#86 = DIRECTION('',(1.,0.,0.));
#87 = PCURVE('',#51,#88);
#88 = DEFINITIONAL_REPRESENTATION('',(#89),#93);
#89 = LINE('',#90,#91);
#90 = CARTESIAN_POINT('',(1.570796326795,0.));
#91 = VECTOR('',#92,1.);
#92 = DIRECTION('',(0.,-1.));
#93 = ( GEOMETRIC_REPRESENTATION_CONTEXT(2) 
PARAMETRIC_REPRESENTATION_CONTEXT() REPRESENTATION_CONTEXT('2D SPACE',''
  ) );
#94 = PCURVE('',#95,#100);
#95 = CYLINDRICAL_SURFACE('',#96,43.);
#96 = AXIS2_PLACEMENT_3D('',#97,#98,#99);
#97 = CARTESIAN_POINT('',(23.,79.700385492515,63.957982659499));
#98 = DIRECTION('',(-1.,-0.,-0.));
#99 = DIRECTION('',(0.,-0.766044443119,-0.642787609687));
#100 = DEFINITIONAL_REPRESENTATION('',(#101),#105);
#101 = LINE('',#102,#103);
#102 = CARTESIAN_POINT('',(-7.627088831215,0.));
#103 = VECTOR('',#104,1.);
#104 = DIRECTION('',(-0.,-1.));
#105 = ( GEOMETRIC_REPRESENTATION_CONTEXT(2) 
PARAMETRIC_REPRESENTATION_CONTEXT() REPRESENTATION_CONTEXT('2D SPACE',''
  ) );
#106 = ORIENTED_EDGE('',*,*,#107,.T.);
#107 = EDGE_CURVE('',#80,#108,#110,.T.);
#108 = VERTEX_POINT('',#109);
#109 = CARTESIAN_POINT('',(49.023987120597,101.03793898027,
    22.080676022646));
#110 = SURFACE_CURVE('',#111,(#144,#180),.PCURVE_S1.);
#111 = B_SPLINE_CURVE_WITH_KNOTS('',7,(#112,#113,#114,#115,#116,#117,
    #118,#119,#120,#121,#122,#123,#124,#125,#126,#127,#128,#129,#130,
    #131,#132,#133,#134,#135,#136,#137,#138,#139,#140,#141,#142,#143),
  .UNSPECIFIED.,.F.,.F.,(8,6,6,6,6,8),(0.,7.509254549938E-02,
    0.330675208551,0.588118362436,0.77499162809,1.),.UNSPECIFIED.);
#112 = CARTESIAN_POINT('',(49.561720531361,99.221976981316,
    25.644702119399));
#113 = CARTESIAN_POINT('',(49.564567603486,99.274930389151,
    25.671683228329));
#114 = CARTESIAN_POINT('',(49.566950946624,99.328668070905,
    25.696751577824));
#115 = CARTESIAN_POINT('',(49.568867657491,99.383135155015,
    25.719902855996));
#116 = CARTESIAN_POINT('',(49.570315588622,99.438278658448,
    25.741130713941));
#117 = CARTESIAN_POINT('',(49.571293322215,99.494047387281,
    25.760426728086));
#118 = CARTESIAN_POINT('',(49.571800143978,99.55039183728,
    25.777780362542));
#119 = CARTESIAN_POINT('',(49.571958113172,99.800832748381,
    25.845589023856));
#120 = CARTESIAN_POINT('',(49.566624600805,100.00040997185,
    25.875322574963));
#121 = CARTESIAN_POINT('',(49.55584346154,100.20422633722,
    25.881952874243));
#122 = CARTESIAN_POINT('',(49.539690489665,100.4104802696,
    25.864584783399));
#123 = CARTESIAN_POINT('',(49.518339916086,100.61706313615,
    25.821934619641));
#124 = CARTESIAN_POINT('',(49.492147112649,100.82125343559,
    25.752388187099));
#125 = CARTESIAN_POINT('',(49.43107120617,101.2186443831,25.555121607612
    ));
#126 = CARTESIAN_POINT('',(49.39535000449,101.41680537495,
    25.424474613156));
#127 = CARTESIAN_POINT('',(49.3555691155,101.60411473662,25.26016850224)
  );
#128 = CARTESIAN_POINT('',(49.313548910902,101.77147956174,
    25.063157474356));
#129 = CARTESIAN_POINT('',(49.27152421509,101.91064050305,
    24.836821655857));
#130 = CARTESIAN_POINT('',(49.231448600381,102.01445682917,
    24.586538639214));
#131 = CARTESIAN_POINT('',(49.168050241625,102.12259877495,
    24.125473100588));
#132 = CARTESIAN_POINT('',(49.143953276392,102.14501820717,
    23.928541233483));
#133 = CARTESIAN_POINT('',(49.122802028595,102.14445526647,
    23.732521032556));
#134 = CARTESIAN_POINT('',(49.104685784292,102.12197058931,
    23.541311453614));
#135 = CARTESIAN_POINT('',(49.089457515464,102.07960884017,
    23.358543023703));
#136 = CARTESIAN_POINT('',(49.076819420195,102.02041040439,
    23.187345890995));
#137 = CARTESIAN_POINT('',(49.053945505609,101.86176103948,
    22.84082562406));
#138 = CARTESIAN_POINT('',(49.044546328136,101.75532018191,
    22.669079563586));
#139 = CARTESIAN_POINT('',(49.037520143081,101.63307899886,
    22.515448774302));
#140 = CARTESIAN_POINT('',(49.032293018239,101.49808699807,
    22.379955350551));
#141 = CARTESIAN_POINT('',(49.028459012043,101.35272433336,
    22.262420506482));
#142 = CARTESIAN_POINT('',(49.025741989347,101.19885472155,
    22.162666688052));
#143 = CARTESIAN_POINT('',(49.023987120597,101.03793898027,
    22.080676022646));
#144 = PCURVE('',#51,#145);
#145 = DEFINITIONAL_REPRESENTATION('',(#146),#179);
#146 = B_SPLINE_CURVE_WITH_KNOTS('',7,(#147,#148,#149,#150,#151,#152,
    #153,#154,#155,#156,#157,#158,#159,#160,#161,#162,#163,#164,#165,
    #166,#167,#168,#169,#170,#171,#172,#173,#174,#175,#176,#177,#178),
  .UNSPECIFIED.,.F.,.F.,(8,6,6,6,6,8),(0.,7.509254549938E-02,
    0.330675208551,0.588118362436,0.77499162809,1.),.UNSPECIFIED.);
#147 = CARTESIAN_POINT('',(1.570796326795,-26.56172053136));
#148 = CARTESIAN_POINT('',(1.600511826288,-26.56456760348));
#149 = CARTESIAN_POINT('',(1.630142535913,-26.56695094662));
#150 = CARTESIAN_POINT('',(1.65970588405,-26.56886765749));
#151 = CARTESIAN_POINT('',(1.689218592711,-26.57031558862));
#152 = CARTESIAN_POINT('',(1.718697074526,-26.57129332221));
#153 = CARTESIAN_POINT('',(1.748157829732,-26.57180014397));
#154 = CARTESIAN_POINT('',(1.877887032788,-26.57195811317));
#155 = CARTESIAN_POINT('',(1.978092739752,-26.5666246008));
#156 = CARTESIAN_POINT('',(2.078972652509,-26.55584346154));
#157 = CARTESIAN_POINT('',(2.181175115587,-26.53969048966));
#158 = CARTESIAN_POINT('',(2.285380215703,-26.51833991608));
#159 = CARTESIAN_POINT('',(2.392289529152,-26.49214711264));
#160 = CARTESIAN_POINT('',(2.614119232156,-26.43107120617));
#161 = CARTESIAN_POINT('',(2.731911956345,-26.39535000449));
#162 = CARTESIAN_POINT('',(2.854580255611,-26.3555691155));
#163 = CARTESIAN_POINT('',(2.981275837043,-26.3135489109));
#164 = CARTESIAN_POINT('',(3.111560908468,-26.27152421509));
#165 = CARTESIAN_POINT('',(3.245249232018,-26.23144860038));
#166 = CARTESIAN_POINT('',(3.482038226349,-26.16805024162));
#167 = CARTESIAN_POINT('',(3.58046210588,-26.14395327639));
#168 = CARTESIAN_POINT('',(3.677432620073,-26.12280202859));
#169 = CARTESIAN_POINT('',(3.77261259885,-26.10468578429));
#170 = CARTESIAN_POINT('',(3.865575479838,-26.08945751546));
#171 = CARTESIAN_POINT('',(3.955726233946,-26.07681942019));
#172 = CARTESIAN_POINT('',(4.146281945211,-26.0539455056));
#173 = CARTESIAN_POINT('',(4.246515553805,-26.04454632813));
#174 = CARTESIAN_POINT('',(4.343644094631,-26.03752014308));
#175 = CARTESIAN_POINT('',(4.43825341098,-26.03229301823));
#176 = CARTESIAN_POINT('',(4.530896073002,-26.02845901204));
#177 = CARTESIAN_POINT('',(4.622089001142,-26.02574198934));
#178 = CARTESIAN_POINT('',(4.712388980385,-26.02398712059));
#179 = ( GEOMETRIC_REPRESENTATION_CONTEXT(2) 
PARAMETRIC_REPRESENTATION_CONTEXT() REPRESENTATION_CONTEXT('2D SPACE',''
  ) );
#180 = PCURVE('',#181,#186);
#181 = CYLINDRICAL_SURFACE('',#182,22.);
#182 = AXIS2_PLACEMENT_3D('',#183,#184,#185);
#183 = CARTESIAN_POINT('',(71.,91.864880612334,18.559468823913));
#184 = DIRECTION('',(0.,0.965925826289,0.258819045103));
#185 = DIRECTION('',(-1.,0.,0.));
#186 = DEFINITIONAL_REPRESENTATION('',(#187),#220);
#187 = B_SPLINE_CURVE_WITH_KNOTS('',7,(#188,#189,#190,#191,#192,#193,
    #194,#195,#196,#197,#198,#199,#200,#201,#202,#203,#204,#205,#206,
    #207,#208,#209,#210,#211,#212,#213,#214,#215,#216,#217,#218,#219),
  .UNSPECIFIED.,.F.,.F.,(8,6,6,6,6,8),(0.,7.509254549938E-02,
    0.330675208551,0.588118362436,0.77499162809,1.),.UNSPECIFIED.);
#188 = CARTESIAN_POINT('',(0.226460375835,8.940202705164));
#189 = CARTESIAN_POINT('',(0.227036746691,8.99833499423));
#190 = CARTESIAN_POINT('',(0.22751755697,9.05672977516));
#191 = CARTESIAN_POINT('',(0.227903221867,9.115332930094));
#192 = CARTESIAN_POINT('',(0.228194055152,9.174091638135));
#193 = CARTESIAN_POINT('',(0.228390268617,9.232954269569));
#194 = CARTESIAN_POINT('',(0.228491971531,9.291870280091));
#195 = CARTESIAN_POINT('',(0.228523670922,9.551327797054));
#196 = CARTESIAN_POINT('',(0.22745339847,9.751800200849));
#197 = CARTESIAN_POINT('',(0.22529046194,9.950387739709));
#198 = CARTESIAN_POINT('',(0.222018006805,10.145118547081));
#199 = CARTESIAN_POINT('',(0.217607089137,10.333623598497));
#200 = CARTESIAN_POINT('',(0.21202326617,10.512856340943));
#201 = CARTESIAN_POINT('',(0.198401137194,10.845650172536));
#202 = CARTESIAN_POINT('',(0.190172132093,11.003245061985));
#203 = CARTESIAN_POINT('',(0.180583143823,11.141646461188));
#204 = CARTESIAN_POINT('',(0.169795408889,11.252318262071));
#205 = CARTESIAN_POINT('',(0.158066449051,11.328157388885));
#206 = CARTESIAN_POINT('',(0.145722486397,11.363658248101));
#207 = CARTESIAN_POINT('',(0.124014707751,11.348782803995));
#208 = CARTESIAN_POINT('',(0.115037975186,11.319468594797));
#209 = CARTESIAN_POINT('',(0.106385431617,11.26819107461));
#210 = CARTESIAN_POINT('',(9.82138550109E-02,11.196983863604));
#211 = CARTESIAN_POINT('',(9.06562473335E-02,11.108761605562));
#212 = CARTESIAN_POINT('',(8.381213905562E-02,11.007271229151));
#213 = CARTESIAN_POINT('',(7.042391495778E-02,10.764341665663));
#214 = CARTESIAN_POINT('',(6.412131695587E-02,10.61707654099));
#215 = CARTESIAN_POINT('',(5.880473901014E-02,10.459238051066));
#216 = CARTESIAN_POINT('',(5.443751603119E-02,10.293777512613));
#217 = CARTESIAN_POINT('',(5.098280210686E-02,10.122947704486));
#218 = CARTESIAN_POINT('',(4.84102742336E-02,9.94850288452));
#219 = CARTESIAN_POINT('',(4.670164569682E-02,9.771849468435));
#220 = ( GEOMETRIC_REPRESENTATION_CONTEXT(2) 
PARAMETRIC_REPRESENTATION_CONTEXT() REPRESENTATION_CONTEXT('2D SPACE',''
  ) );
#221 = ORIENTED_EDGE('',*,*,#222,.F.);
#222 = EDGE_CURVE('',#42,#108,#223,.T.);
#223 = SURFACE_CURVE('',#224,(#228,#235),.PCURVE_S1.);
#224 = LINE('',#225,#226);
#225 = CARTESIAN_POINT('',(23.,101.03793898027,22.080676022646));
#226 = VECTOR('',#227,1.);
#227 = DIRECTION('',(1.,0.,0.));
#228 = PCURVE('',#51,#229);
#229 = DEFINITIONAL_REPRESENTATION('',(#230),#234);
#230 = LINE('',#231,#232);
#231 = CARTESIAN_POINT('',(4.712388980385,0.));
#232 = VECTOR('',#233,1.);
#233 = DIRECTION('',(0.,-1.));
#234 = ( GEOMETRIC_REPRESENTATION_CONTEXT(2) 
PARAMETRIC_REPRESENTATION_CONTEXT() REPRESENTATION_CONTEXT('2D SPACE',''
  ) );
#235 = PCURVE('',#236,#241);
#236 = CYLINDRICAL_SURFACE('',#237,47.);
#237 = AXIS2_PLACEMENT_3D('',#238,#239,#240);
#238 = CARTESIAN_POINT('',(23.,79.700385492515,63.957982659499));
#239 = DIRECTION('',(-1.,-0.,-0.));
#240 = DIRECTION('',(0.,-0.766044443119,-0.642787609687));
#241 = DEFINITIONAL_REPRESENTATION('',(#242),#246);
#242 = LINE('',#243,#244);
#243 = CARTESIAN_POINT('',(-1.343903524036,0.));
#244 = VECTOR('',#245,1.);
#245 = DIRECTION('',(-0.,-1.));
#246 = ( GEOMETRIC_REPRESENTATION_CONTEXT(2) 
PARAMETRIC_REPRESENTATION_CONTEXT() REPRESENTATION_CONTEXT('2D SPACE',''
  ) );
#247 = ADVANCED_FACE('',(#248),#63,.F.);
#248 = FACE_BOUND('',#249,.F.);
#249 = EDGE_LOOP('',(#250,#251,#275,#303,#329,#357,#385));
#250 = ORIENTED_EDGE('',*,*,#39,.F.);
#251 = ORIENTED_EDGE('',*,*,#252,.F.);
#252 = EDGE_CURVE('',#253,#40,#255,.T.);
#253 = VERTEX_POINT('',#254);
#254 = CARTESIAN_POINT('',(23.,46.760474438399,36.318115442978));
#255 = SURFACE_CURVE('',#256,(#261,#268),.PCURVE_S1.);
#256 = CIRCLE('',#257,43.);
#257 = AXIS2_PLACEMENT_3D('',#258,#259,#260);
#258 = CARTESIAN_POINT('',(23.,79.700385492515,63.957982659499));
#259 = DIRECTION('',(1.,0.,0.));
#260 = DIRECTION('',(0.,-0.766044443119,-0.642787609687));
#261 = PCURVE('',#63,#262);
#262 = DEFINITIONAL_REPRESENTATION('',(#263),#267);
#263 = CIRCLE('',#264,43.);
#264 = AXIS2_PLACEMENT_2D('',#265,#266);
#265 = CARTESIAN_POINT('',(27.508490836568,26.282321783797));
#266 = DIRECTION('',(-0.766044443119,-0.642787609687));
#267 = ( GEOMETRIC_REPRESENTATION_CONTEXT(2) 
PARAMETRIC_REPRESENTATION_CONTEXT() REPRESENTATION_CONTEXT('2D SPACE',''
  ) );
#268 = PCURVE('',#95,#269);
#269 = DEFINITIONAL_REPRESENTATION('',(#270),#274);
#270 = LINE('',#271,#272);
#271 = CARTESIAN_POINT('',(-0.,0.));
#272 = VECTOR('',#273,1.);
#273 = DIRECTION('',(-1.,0.));
#274 = ( GEOMETRIC_REPRESENTATION_CONTEXT(2) 
PARAMETRIC_REPRESENTATION_CONTEXT() REPRESENTATION_CONTEXT('2D SPACE',''
  ) );
#275 = ORIENTED_EDGE('',*,*,#276,.F.);
#276 = EDGE_CURVE('',#277,#253,#279,.T.);
#277 = VERTEX_POINT('',#278);
#278 = CARTESIAN_POINT('',(23.,22.85,64.813509255572));
#279 = SURFACE_CURVE('',#280,(#284,#291),.PCURVE_S1.);
#280 = LINE('',#281,#282);
#281 = CARTESIAN_POINT('',(23.,14.49027474094,74.776241866158));
#282 = VECTOR('',#283,1.);
#283 = DIRECTION('',(-0.,0.642787609687,-0.766044443119));
#284 = PCURVE('',#63,#285);
#285 = DEFINITIONAL_REPRESENTATION('',(#286),#290);
#286 = LINE('',#287,#288);
#287 = CARTESIAN_POINT('',(-37.701619915,37.100580990456));
#288 = VECTOR('',#289,1.);
#289 = DIRECTION('',(0.642787609687,-0.766044443119));
#290 = ( GEOMETRIC_REPRESENTATION_CONTEXT(2) 
PARAMETRIC_REPRESENTATION_CONTEXT() REPRESENTATION_CONTEXT('2D SPACE',''
  ) );
#291 = PCURVE('',#292,#297);
#292 = PLANE('',#293);
#293 = AXIS2_PLACEMENT_3D('',#294,#295,#296);
#294 = CARTESIAN_POINT('',(23.,14.49027474094,74.776241866158));
#295 = DIRECTION('',(-0.,0.766044443119,0.642787609687));
#296 = DIRECTION('',(0.,0.642787609687,-0.766044443119));
#297 = DEFINITIONAL_REPRESENTATION('',(#298),#302);
#298 = LINE('',#299,#300);
#299 = CARTESIAN_POINT('',(0.,0.));
#300 = VECTOR('',#301,1.);
#301 = DIRECTION('',(1.,0.));
#302 = ( GEOMETRIC_REPRESENTATION_CONTEXT(2) 
PARAMETRIC_REPRESENTATION_CONTEXT() REPRESENTATION_CONTEXT('2D SPACE',''
  ) );
#303 = ORIENTED_EDGE('',*,*,#304,.F.);
#304 = EDGE_CURVE('',#305,#277,#307,.T.);
#305 = VERTEX_POINT('',#306);
#306 = CARTESIAN_POINT('',(23.,22.85,56.155979675361));
#307 = SURFACE_CURVE('',#308,(#312,#318),.PCURVE_S1.);
#308 = LINE('',#309,#310);
#309 = CARTESIAN_POINT('',(23.,22.85,18.837830437851));
#310 = VECTOR('',#311,1.);
#311 = DIRECTION('',(0.,-0.,1.));
#312 = PCURVE('',#63,#313);
#313 = DEFINITIONAL_REPRESENTATION('',(#314),#317);
#314 = B_SPLINE_CURVE_WITH_KNOTS('',1,(#315,#316),.UNSPECIFIED.,.F.,.F.,
  (2,2),(-1.879847778352,56.652836208934),.PIECEWISE_BEZIER_KNOTS.);
#315 = CARTESIAN_POINT('',(-29.34189465594,-20.7176782162));
#316 = CARTESIAN_POINT('',(-29.34189465594,37.815005771083));
#317 = ( GEOMETRIC_REPRESENTATION_CONTEXT(2) 
PARAMETRIC_REPRESENTATION_CONTEXT() REPRESENTATION_CONTEXT('2D SPACE',''
  ) );
#318 = PCURVE('',#319,#324);
#319 = PLANE('',#320);
#320 = AXIS2_PLACEMENT_3D('',#321,#322,#323);
#321 = CARTESIAN_POINT('',(-10.,22.85,0.));
#322 = DIRECTION('',(-0.,1.,0.));
#323 = DIRECTION('',(0.,0.,1.));
#324 = DEFINITIONAL_REPRESENTATION('',(#325),#328);
#325 = B_SPLINE_CURVE_WITH_KNOTS('',1,(#326,#327),.UNSPECIFIED.,.F.,.F.,
  (2,2),(-1.879847778352,56.652836208934),.PIECEWISE_BEZIER_KNOTS.);
#326 = CARTESIAN_POINT('',(16.957982659499,33.));
#327 = CARTESIAN_POINT('',(75.490666646785,33.));
#328 = ( GEOMETRIC_REPRESENTATION_CONTEXT(2) 
PARAMETRIC_REPRESENTATION_CONTEXT() REPRESENTATION_CONTEXT('2D SPACE',''
  ) );
#329 = ORIENTED_EDGE('',*,*,#330,.T.);
#330 = EDGE_CURVE('',#305,#331,#333,.T.);
#331 = VERTEX_POINT('',#332);
#332 = CARTESIAN_POINT('',(23.,28.781362430001,51.521891463199));
#333 = SURFACE_CURVE('',#334,(#338,#345),.PCURVE_S1.);
#334 = LINE('',#335,#336);
#335 = CARTESIAN_POINT('',(23.,7.029747099737,68.516115874037));
#336 = VECTOR('',#337,1.);
#337 = DIRECTION('',(0.,0.788010753607,-0.615661475326));
#338 = PCURVE('',#63,#339);
#339 = DEFINITIONAL_REPRESENTATION('',(#340),#344);
#340 = LINE('',#341,#342);
#341 = CARTESIAN_POINT('',(-45.16214755621,30.840454998335));
#342 = VECTOR('',#343,1.);
#343 = DIRECTION('',(0.788010753607,-0.615661475326));
#344 = ( GEOMETRIC_REPRESENTATION_CONTEXT(2) 
PARAMETRIC_REPRESENTATION_CONTEXT() REPRESENTATION_CONTEXT('2D SPACE',''
  ) );
#345 = PCURVE('',#346,#351);
#346 = PLANE('',#347);
#347 = AXIS2_PLACEMENT_3D('',#348,#349,#350);
#348 = CARTESIAN_POINT('',(23.,7.029747099737,68.516115874037));
#349 = DIRECTION('',(-0.,0.615661475326,0.788010753607));
#350 = DIRECTION('',(0.,0.788010753607,-0.615661475326));
#351 = DEFINITIONAL_REPRESENTATION('',(#352),#356);
#352 = LINE('',#353,#354);
#353 = CARTESIAN_POINT('',(0.,0.));
#354 = VECTOR('',#355,1.);
#355 = DIRECTION('',(1.,0.));
#356 = ( GEOMETRIC_REPRESENTATION_CONTEXT(2) 
PARAMETRIC_REPRESENTATION_CONTEXT() REPRESENTATION_CONTEXT('2D SPACE',''
  ) );
#357 = ORIENTED_EDGE('',*,*,#358,.T.);
#358 = EDGE_CURVE('',#331,#359,#361,.T.);
#359 = VERTEX_POINT('',#360);
#360 = CARTESIAN_POINT('',(23.,43.696296665923,33.746965004232));
#361 = SURFACE_CURVE('',#362,(#366,#373),.PCURVE_S1.);
#362 = LINE('',#363,#364);
#363 = CARTESIAN_POINT('',(23.,11.426096968464,72.205091427412));
#364 = VECTOR('',#365,1.);
#365 = DIRECTION('',(-0.,0.642787609687,-0.766044443119));
#366 = PCURVE('',#63,#367);
#367 = DEFINITIONAL_REPRESENTATION('',(#368),#372);
#368 = LINE('',#369,#370);
#369 = CARTESIAN_POINT('',(-40.76579768748,34.52943055171));
#370 = VECTOR('',#371,1.);
#371 = DIRECTION('',(0.642787609687,-0.766044443119));
#372 = ( GEOMETRIC_REPRESENTATION_CONTEXT(2) 
PARAMETRIC_REPRESENTATION_CONTEXT() REPRESENTATION_CONTEXT('2D SPACE',''
  ) );
#373 = PCURVE('',#374,#379);
#374 = PLANE('',#375);
#375 = AXIS2_PLACEMENT_3D('',#376,#377,#378);
#376 = CARTESIAN_POINT('',(23.,11.426096968464,72.205091427412));
#377 = DIRECTION('',(-0.,0.766044443119,0.642787609687));
#378 = DIRECTION('',(0.,0.642787609687,-0.766044443119));
#379 = DEFINITIONAL_REPRESENTATION('',(#380),#384);
#380 = LINE('',#381,#382);
#381 = CARTESIAN_POINT('',(0.,0.));
#382 = VECTOR('',#383,1.);
#383 = DIRECTION('',(1.,0.));
#384 = ( GEOMETRIC_REPRESENTATION_CONTEXT(2) 
PARAMETRIC_REPRESENTATION_CONTEXT() REPRESENTATION_CONTEXT('2D SPACE',''
  ) );
#385 = ORIENTED_EDGE('',*,*,#386,.T.);
#386 = EDGE_CURVE('',#359,#42,#387,.T.);
#387 = SURFACE_CURVE('',#388,(#393,#400),.PCURVE_S1.);
#388 = CIRCLE('',#389,47.);
#389 = AXIS2_PLACEMENT_3D('',#390,#391,#392);
#390 = CARTESIAN_POINT('',(23.,79.700385492515,63.957982659499));
#391 = DIRECTION('',(1.,0.,0.));
#392 = DIRECTION('',(0.,-0.766044443119,-0.642787609687));
#393 = PCURVE('',#63,#394);
#394 = DEFINITIONAL_REPRESENTATION('',(#395),#399);
#395 = CIRCLE('',#396,47.);
#396 = AXIS2_PLACEMENT_2D('',#397,#398);
#397 = CARTESIAN_POINT('',(27.508490836568,26.282321783797));
#398 = DIRECTION('',(-0.766044443119,-0.642787609687));
#399 = ( GEOMETRIC_REPRESENTATION_CONTEXT(2) 
PARAMETRIC_REPRESENTATION_CONTEXT() REPRESENTATION_CONTEXT('2D SPACE',''
  ) );
#400 = PCURVE('',#236,#401);
#401 = DEFINITIONAL_REPRESENTATION('',(#402),#406);
#402 = LINE('',#403,#404);
#403 = CARTESIAN_POINT('',(6.28318530718,-0.));
#404 = VECTOR('',#405,1.);
#405 = DIRECTION('',(-1.,0.));
#406 = ( GEOMETRIC_REPRESENTATION_CONTEXT(2) 
PARAMETRIC_REPRESENTATION_CONTEXT() REPRESENTATION_CONTEXT('2D SPACE',''
  ) );
#407 = ADVANCED_FACE('',(#408),#236,.T.);
#408 = FACE_BOUND('',#409,.F.);
#409 = EDGE_LOOP('',(#410,#411,#434,#549,#575,#810,#836,#946,#969,#998,
    #1026,#2132));
#410 = ORIENTED_EDGE('',*,*,#386,.F.);
#411 = ORIENTED_EDGE('',*,*,#412,.T.);
#412 = EDGE_CURVE('',#359,#413,#415,.T.);
#413 = VERTEX_POINT('',#414);
#414 = CARTESIAN_POINT('',(59.431231903561,43.696296665923,
    33.746965004232));
#415 = SURFACE_CURVE('',#416,(#420,#427),.PCURVE_S1.);
#416 = LINE('',#417,#418);
#417 = CARTESIAN_POINT('',(23.,43.696296665923,33.746965004232));
#418 = VECTOR('',#419,1.);
#419 = DIRECTION('',(1.,0.,0.));
#420 = PCURVE('',#236,#421);
#421 = DEFINITIONAL_REPRESENTATION('',(#422),#426);
#422 = LINE('',#423,#424);
#423 = CARTESIAN_POINT('',(-0.,0.));
#424 = VECTOR('',#425,1.);
#425 = DIRECTION('',(-0.,-1.));
#426 = ( GEOMETRIC_REPRESENTATION_CONTEXT(2) 
PARAMETRIC_REPRESENTATION_CONTEXT() REPRESENTATION_CONTEXT('2D SPACE',''
  ) );
#427 = PCURVE('',#374,#428);
#428 = DEFINITIONAL_REPRESENTATION('',(#429),#433);
#429 = LINE('',#430,#431);
#430 = CARTESIAN_POINT('',(50.203518566881,0.));
#431 = VECTOR('',#432,1.);
#432 = DIRECTION('',(0.,-1.));
#433 = ( GEOMETRIC_REPRESENTATION_CONTEXT(2) 
PARAMETRIC_REPRESENTATION_CONTEXT() REPRESENTATION_CONTEXT('2D SPACE',''
  ) );
#434 = ORIENTED_EDGE('',*,*,#435,.F.);
#435 = EDGE_CURVE('',#436,#413,#438,.T.);
#436 = VERTEX_POINT('',#437);
#437 = CARTESIAN_POINT('',(42.342540238186,66.216101853601,
    18.933832531537));
#438 = SURFACE_CURVE('',#439,(#472,#508),.PCURVE_S1.);
#439 = B_SPLINE_CURVE_WITH_KNOTS('',6,(#440,#441,#442,#443,#444,#445,
    #446,#447,#448,#449,#450,#451,#452,#453,#454,#455,#456,#457,#458,
    #459,#460,#461,#462,#463,#464,#465,#466,#467,#468,#469,#470,#471),
  .UNSPECIFIED.,.F.,.F.,(7,5,5,5,5,5,7),(0.,0.232938158051,
    0.341439615654,0.549926691873,0.724082894946,0.813655821494,1.),
  .UNSPECIFIED.);
#440 = CARTESIAN_POINT('',(42.342540238186,66.216101853601,
    18.933832531537));
#441 = CARTESIAN_POINT('',(42.504502578598,65.006365943165,
    19.296136363994));
#442 = CARTESIAN_POINT('',(42.695423859544,63.800944882267,
    19.699651058056));
#443 = CARTESIAN_POINT('',(42.91972166427,62.604140154523,20.14405945482
    ));
#444 = CARTESIAN_POINT('',(43.182235061232,61.420049854551,
    20.628444024681));
#445 = CARTESIAN_POINT('',(43.488195492464,60.252621880917,
    21.151295400081));
#446 = CARTESIAN_POINT('',(44.008667396896,58.57148746463,
    21.970807430058));
#447 = CARTESIAN_POINT('',(44.184656266285,58.041913412035,
    22.238994581357));
#448 = CARTESIAN_POINT('',(44.371696598348,57.51770389678,
    22.514550200328));
#449 = CARTESIAN_POINT('',(44.570227912672,56.999518351441,
    22.797026214421));
#450 = CARTESIAN_POINT('',(44.780670440948,56.487962092888,
    23.085929839622));
#451 = CARTESIAN_POINT('',(45.431444033328,55.014421686822,23.9471922271
    ));
#452 = CARTESIAN_POINT('',(45.905244280759,54.071024512559,
    24.535860896279));
#453 = CARTESIAN_POINT('',(46.426665267393,53.159918654922,
    25.14154789314));
#454 = CARTESIAN_POINT('',(46.996635158597,52.286124891342,
    25.758332883313));
#455 = CARTESIAN_POINT('',(47.614932280373,51.453379133086,
    26.379884387005));
#456 = CARTESIAN_POINT('',(48.835459684398,50.005248524831,
    27.517601298946));
#457 = CARTESIAN_POINT('',(49.422994717695,49.377334375233,
    28.033730021077));
#458 = CARTESIAN_POINT('',(50.041552478982,48.781970887689,
    28.544488481606));
#459 = CARTESIAN_POINT('',(50.689477349882,48.220017647359,
    29.046179680265));
#460 = CARTESIAN_POINT('',(51.364397864711,47.69189208971,
    29.535249458831));
#461 = CARTESIAN_POINT('',(52.422558300277,46.943419507362,
    30.25182542551));
#462 = CARTESIAN_POINT('',(52.788348496685,46.698103775621,
    30.491064763489));
#463 = CARTESIAN_POINT('',(53.160249559305,46.461599874535,
    30.725812446792));
#464 = CARTESIAN_POINT('',(53.537945669415,46.233813526578,
    30.955731486353));
#465 = CARTESIAN_POINT('',(53.921090685864,46.01464062614,
    31.180504382121));
#466 = CARTESIAN_POINT('',(55.116940158792,45.36569289785,
    31.856126478561));
#467 = CARTESIAN_POINT('',(55.946156138031,44.964406179816,
    32.28866094013));
#468 = CARTESIAN_POINT('',(56.794708072383,44.598385697313,
    32.695494869208));
#469 = CARTESIAN_POINT('',(57.66015972463,44.266017745864,
    33.074979879909));
#470 = CARTESIAN_POINT('',(58.539912537332,43.965792056784,
    33.425792903986));
#471 = CARTESIAN_POINT('',(59.431231903561,43.696296665923,
    33.746965004232));
#472 = PCURVE('',#236,#473);
#473 = DEFINITIONAL_REPRESENTATION('',(#474),#507);
#474 = B_SPLINE_CURVE_WITH_KNOTS('',6,(#475,#476,#477,#478,#479,#480,
    #481,#482,#483,#484,#485,#486,#487,#488,#489,#490,#491,#492,#493,
    #494,#495,#496,#497,#498,#499,#500,#501,#502,#503,#504,#505,#506),
  .UNSPECIFIED.,.F.,.F.,(7,5,5,5,5,5,7),(0.,0.232938158051,
    0.341439615654,0.549926691873,0.724082894946,0.813655821494,1.),
  .UNSPECIFIED.);
#475 = CARTESIAN_POINT('',(-0.581675768387,-19.34254023818));
#476 = CARTESIAN_POINT('',(-0.554807167713,-19.50450257859));
#477 = CARTESIAN_POINT('',(-0.527774953001,-19.69542385954));
#478 = CARTESIAN_POINT('',(-0.500633809602,-19.91972166427));
#479 = CARTESIAN_POINT('',(-0.473435857384,-20.18223506123));
#480 = CARTESIAN_POINT('',(-0.446233966517,-20.48819549246));
#481 = CARTESIAN_POINT('',(-0.40644153943,-21.00866739689));
#482 = CARTESIAN_POINT('',(-0.393812994073,-21.18465626628));
#483 = CARTESIAN_POINT('',(-0.381214708525,-21.37169659834));
#484 = CARTESIAN_POINT('',(-0.368659884644,-21.57022791267));
#485 = CARTESIAN_POINT('',(-0.356161279886,-21.78067044094));
#486 = CARTESIAN_POINT('',(-0.319846835113,-22.43144403332));
#487 = CARTESIAN_POINT('',(-0.296197379058,-22.90524428075));
#488 = CARTESIAN_POINT('',(-0.272933579906,-23.42666526739));
#489 = CARTESIAN_POINT('',(-0.250189758204,-23.99663515859));
#490 = CARTESIAN_POINT('',(-0.228087300895,-24.61493228037));
#491 = CARTESIAN_POINT('',(-0.188904371445,-25.83545968439));
#492 = CARTESIAN_POINT('',(-0.171614709209,-26.42299471769));
#493 = CARTESIAN_POINT('',(-0.154929944436,-27.04155247898));
#494 = CARTESIAN_POINT('',(-0.138906155915,-27.68947734988));
#495 = CARTESIAN_POINT('',(-0.123593446564,-28.36439786471));
#496 = CARTESIAN_POINT('',(-0.101546824059,-29.42255830027));
#497 = CARTESIAN_POINT('',(-9.42565151601E-02,-29.78834849668));
#498 = CARTESIAN_POINT('',(-8.716696610937E-02,-30.1602495593));
#499 = CARTESIAN_POINT('',(-8.028113104822E-02,-30.53794566941));
#500 = CARTESIAN_POINT('',(-7.360170169313E-02,-30.92109068586));
#501 = CARTESIAN_POINT('',(-5.366973988509E-02,-32.11694015879));
#502 = CARTESIAN_POINT('',(-4.111811795589E-02,-32.94615613803));
#503 = CARTESIAN_POINT('',(-2.947627772452E-02,-33.79470807238));
#504 = CARTESIAN_POINT('',(-1.874425208266E-02,-34.66015972463));
#505 = CARTESIAN_POINT('',(-8.92043405937E-03,-35.53991253733));
#506 = CARTESIAN_POINT('',(0.,-36.43123190356));
#507 = ( GEOMETRIC_REPRESENTATION_CONTEXT(2) 
PARAMETRIC_REPRESENTATION_CONTEXT() REPRESENTATION_CONTEXT('2D SPACE',''
  ) );
#508 = PCURVE('',#509,#514);
#509 = CYLINDRICAL_SURFACE('',#510,29.5);
#510 = AXIS2_PLACEMENT_3D('',#511,#512,#513);
#511 = CARTESIAN_POINT('',(71.,91.864880612334,18.559468823913));
#512 = DIRECTION('',(0.,0.965925826289,0.258819045103));
#513 = DIRECTION('',(-1.,0.,0.));
#514 = DEFINITIONAL_REPRESENTATION('',(#515),#548);
#515 = B_SPLINE_CURVE_WITH_KNOTS('',6,(#516,#517,#518,#519,#520,#521,
    #522,#523,#524,#525,#526,#527,#528,#529,#530,#531,#532,#533,#534,
    #535,#536,#537,#538,#539,#540,#541,#542,#543,#544,#545,#546,#547),
  .UNSPECIFIED.,.F.,.F.,(7,5,5,5,5,5,7),(0.,0.232938158051,
    0.341439615654,0.549926691873,0.724082894946,0.813655821494,1.),
  .UNSPECIFIED.);
#516 = CARTESIAN_POINT('',(0.239573300728,-24.6779253585));
#517 = CARTESIAN_POINT('',(0.26271077793,-25.75266938543));
#518 = CARTESIAN_POINT('',(0.287355258601,-26.8125794319));
#519 = CARTESIAN_POINT('',(0.31351779344,-27.85358267057));
#520 = CARTESIAN_POINT('',(0.341210106452,-28.87195812013));
#521 = CARTESIAN_POINT('',(0.370449918086,-29.86428305649));
#522 = CARTESIAN_POINT('',(0.415620953264,-31.27602888559));
#523 = CARTESIAN_POINT('',(0.430312034513,-31.71814619752));
#524 = CARTESIAN_POINT('',(0.445333536087,-32.15317466452));
#525 = CARTESIAN_POINT('',(0.460679023868,-32.58059329334));
#526 = CARTESIAN_POINT('',(0.476342232168,-32.99994493467));
#527 = CARTESIAN_POINT('',(0.523013603013,-34.20036456026));
#528 = CARTESIAN_POINT('',(0.554885077065,-34.95925759249));
#529 = CARTESIAN_POINT('',(0.58781250997,-35.68255494071));
#530 = CARTESIAN_POINT('',(0.62167437232,-36.36693920161));
#531 = CARTESIAN_POINT('',(0.656343999938,-37.01044046958));
#532 = CARTESIAN_POINT('',(0.721209784412,-38.11476441918));
#533 = CARTESIAN_POINT('',(0.751171855382,-38.58769896996));
#534 = CARTESIAN_POINT('',(0.781495452082,-39.03058192158));
#535 = CARTESIAN_POINT('',(0.812099383101,-39.4435398326));
#536 = CARTESIAN_POINT('',(0.842895942448,-39.82708937518));
#537 = CARTESIAN_POINT('',(0.889676631187,-40.3645948653));
#538 = CARTESIAN_POINT('',(0.905594399495,-40.53963196918));
#539 = CARTESIAN_POINT('',(0.921534183339,-40.70732002403));
#540 = CARTESIAN_POINT('',(0.93748857788,-40.86783731412));
#541 = CARTESIAN_POINT('',(0.953449862713,-41.02136657283));
#542 = CARTESIAN_POINT('',(1.002612644721,-41.47333807765));
#543 = CARTESIAN_POINT('',(1.035794951562,-41.74900312603));
#544 = CARTESIAN_POINT('',(1.068932407746,-41.99725539399));
#545 = CARTESIAN_POINT('',(1.101999907162,-42.22008023402));
#546 = CARTESIAN_POINT('',(1.134970804606,-42.41927888892));
#547 = CARTESIAN_POINT('',(1.167816044727,-42.59646599072));
#548 = ( GEOMETRIC_REPRESENTATION_CONTEXT(2) 
PARAMETRIC_REPRESENTATION_CONTEXT() REPRESENTATION_CONTEXT('2D SPACE',''
  ) );
#549 = ORIENTED_EDGE('',*,*,#550,.F.);
#550 = EDGE_CURVE('',#551,#436,#553,.T.);
#551 = VERTEX_POINT('',#552);
#552 = CARTESIAN_POINT('',(45.441244161736,66.216101853601,
    18.933832531537));
#553 = SURFACE_CURVE('',#554,(#558,#564),.PCURVE_S1.);
#554 = LINE('',#555,#556);
#555 = CARTESIAN_POINT('',(23.,66.216101853601,18.933832531537));
#556 = VECTOR('',#557,1.);
#557 = DIRECTION('',(-1.,-0.,-0.));
#558 = PCURVE('',#236,#559);
#559 = DEFINITIONAL_REPRESENTATION('',(#560),#563);
#560 = B_SPLINE_CURVE_WITH_KNOTS('',1,(#561,#562),.UNSPECIFIED.,.F.,.F.,
  (2,2),(-22.75111455409,-19.03266984583),.PIECEWISE_BEZIER_KNOTS.);
#561 = CARTESIAN_POINT('',(-0.581675768387,-22.75111455409));
#562 = CARTESIAN_POINT('',(-0.581675768387,-19.03266984583));
#563 = ( GEOMETRIC_REPRESENTATION_CONTEXT(2) 
PARAMETRIC_REPRESENTATION_CONTEXT() REPRESENTATION_CONTEXT('2D SPACE',''
  ) );
#564 = PCURVE('',#565,#570);
#565 = PLANE('',#566);
#566 = AXIS2_PLACEMENT_3D('',#567,#568,#569);
#567 = CARTESIAN_POINT('',(45.441244161736,90.053147296616,
    25.320949607936));
#568 = DIRECTION('',(0.,0.258819045103,-0.965925826289));
#569 = DIRECTION('',(-1.,0.,0.));
#570 = DEFINITIONAL_REPRESENTATION('',(#571),#574);
#571 = B_SPLINE_CURVE_WITH_KNOTS('',1,(#572,#573),.UNSPECIFIED.,.F.,.F.,
  (2,2),(-22.75111455409,-19.03266984583),.PIECEWISE_BEZIER_KNOTS.);
#572 = CARTESIAN_POINT('',(-0.309870392355,-24.6779253585));
#573 = CARTESIAN_POINT('',(3.408574315905,-24.6779253585));
#574 = ( GEOMETRIC_REPRESENTATION_CONTEXT(2) 
PARAMETRIC_REPRESENTATION_CONTEXT() REPRESENTATION_CONTEXT('2D SPACE',''
  ) );
#575 = ORIENTED_EDGE('',*,*,#576,.T.);
#576 = EDGE_CURVE('',#551,#577,#579,.T.);
#577 = VERTEX_POINT('',#578);
#578 = CARTESIAN_POINT('',(96.558755838264,66.216101853601,
    18.933832531537));
#579 = SURFACE_CURVE('',#580,(#653,#729),.PCURVE_S1.);
#580 = B_SPLINE_CURVE_WITH_KNOTS('',6,(#581,#582,#583,#584,#585,#586,
    #587,#588,#589,#590,#591,#592,#593,#594,#595,#596,#597,#598,#599,
    #600,#601,#602,#603,#604,#605,#606,#607,#608,#609,#610,#611,#612,
    #613,#614,#615,#616,#617,#618,#619,#620,#621,#622,#623,#624,#625,
    #626,#627,#628,#629,#630,#631,#632,#633,#634,#635,#636,#637,#638,
    #639,#640,#641,#642,#643,#644,#645,#646,#647,#648,#649,#650,#651,
    #652),.UNSPECIFIED.,.F.,.F.,(7,5,5,5,5,5,5,5,5,5,5,5,5,5,7),(0.,
    8.740557406582E-02,0.128687445262,0.210917874344,0.288013174053,
    0.332314672398,0.382528208698,0.500003673514,0.618567567042,
    0.667891251689,0.711649809418,0.7890862496,0.871314986304,
    0.912596009336,1.),.UNSPECIFIED.);
#581 = CARTESIAN_POINT('',(45.441244161736,66.216101853601,
    18.933832531537));
#582 = CARTESIAN_POINT('',(45.609459016526,65.095521789622,
    19.269435077723));
#583 = CARTESIAN_POINT('',(45.805673887065,63.979523417342,
    19.640134596786));
#584 = CARTESIAN_POINT('',(46.033841201451,62.872037306263,
    20.045418363779));
#585 = CARTESIAN_POINT('',(46.298246148322,61.776793211562,
    20.484227730237));
#586 = CARTESIAN_POINT('',(46.603478317441,60.697382070059,
    20.954959736891));
#587 = CARTESIAN_POINT('',(47.120231405599,59.136653966105,
    21.691690296896));
#588 = CARTESIAN_POINT('',(47.296147133141,58.64048315203,21.93455844149
    ));
#589 = CARTESIAN_POINT('',(47.482614532805,58.149474489954,
    22.183569157588));
#590 = CARTESIAN_POINT('',(47.680021748535,57.664243681049,
    22.438287863894));
#591 = CARTESIAN_POINT('',(47.888736937377,57.185358014127,
    22.69823962888));
#592 = CARTESIAN_POINT('',(48.548065482372,55.773104652915,
    23.49012848217));
#593 = CARTESIAN_POINT('',(49.033615530756,54.859358348256,
    24.036504288779));
#594 = CARTESIAN_POINT('',(49.567449943103,53.978818731853,
    24.596649792357));
#595 = CARTESIAN_POINT('',(50.150265258151,53.13666220622,25.1644434965)
  );
#596 = CARTESIAN_POINT('',(50.781518184395,52.336751550704,
    25.733395698253));
#597 = CARTESIAN_POINT('',(52.094528618774,50.874123567192,
    26.825426206745));
#598 = CARTESIAN_POINT('',(52.769774202345,50.206956005635,
    27.348405136426));
#599 = CARTESIAN_POINT('',(53.483299288002,49.582150670247,
    27.860840151347));
#600 = CARTESIAN_POINT('',(54.232442145076,49.000755362874,
    28.357660262151));
#601 = CARTESIAN_POINT('',(55.013426720515,48.463165213498,
    28.834138574159));
#602 = CARTESIAN_POINT('',(56.28551448173,47.685364756042,29.54597174596
    ));
#603 = CARTESIAN_POINT('',(56.758814527179,47.415806594688,
    29.797791968604));
#604 = CARTESIAN_POINT('',(57.240606377701,47.160313975155,
    30.041069199097));
#605 = CARTESIAN_POINT('',(57.730251825001,46.918654719217,
    30.27525840311));
#606 = CARTESIAN_POINT('',(58.227057552317,46.690586579953,
    30.499869461945));
#607 = CARTESIAN_POINT('',(59.300646226741,46.232476601809,
    30.957717855882));
#608 = CARTESIAN_POINT('',(59.879276638281,46.006223650632,
    31.188115750001));
#609 = CARTESIAN_POINT('',(60.465397075725,45.796600925577,
    31.405179352626));
#610 = CARTESIAN_POINT('',(61.058217341538,45.603142740055,
    31.608491136047));
#611 = CARTESIAN_POINT('',(61.65692590733,45.425417219199,
    31.797704528174));
#612 = CARTESIAN_POINT('',(63.67320658829,44.883109844325,
    32.381583774262));
#613 = CARTESIAN_POINT('',(65.11290727484,44.587255703941,
    32.711809349683));
#614 = CARTESIAN_POINT('',(66.572304415532,44.369390625675,
    32.960732022732));
#615 = CARTESIAN_POINT('',(68.044397795036,44.225547346557,
    33.127025502343));
#616 = CARTESIAN_POINT('',(69.522490973448,44.153679414336,
    33.210109773858));
#617 = CARTESIAN_POINT('',(72.491198380739,44.153679414336,
    33.210109773858));
#618 = CARTESIAN_POINT('',(73.98301073159,44.22688524667,33.125478806413
    ));
#619 = CARTESIAN_POINT('',(75.468656767337,44.373410851179,
    32.956084321593));
#620 = CARTESIAN_POINT('',(76.94123787024,44.595378196764,
    32.702529859901));
#621 = CARTESIAN_POINT('',(78.393539880124,44.896898524397,
    32.366198466181));
#622 = CARTESIAN_POINT('',(80.410368101508,45.445416033946,
    31.776418692817));
#623 = CARTESIAN_POINT('',(80.997952410033,45.621396561467,
    31.58929905208));
#624 = CARTESIAN_POINT('',(81.579804848858,45.812587688851,
    31.388597323357));
#625 = CARTESIAN_POINT('',(82.155153590819,46.019399449484,
    31.174646101614));
#626 = CARTESIAN_POINT('',(82.723247280086,46.24227290136,
    30.947844399259));
#627 = CARTESIAN_POINT('',(83.780266558117,46.694075348209,
    30.496458021965));
#628 = CARTESIAN_POINT('',(84.270909111922,46.919490885235,
    30.274503344112));
#629 = CARTESIAN_POINT('',(84.754562298704,47.158168016333,
    30.043206905031));
#630 = CARTESIAN_POINT('',(85.230558491128,47.410340421969,
    29.803040807366));
#631 = CARTESIAN_POINT('',(85.698282427403,47.676232273899,
    29.554529417866));
#632 = CARTESIAN_POINT('',(86.969233285256,48.45124125382,
    28.844710467063));
#633 = CARTESIAN_POINT('',(87.754254695846,48.990439257626,
    28.366478143295));
#634 = CARTESIAN_POINT('',(88.507196382632,49.573833250253,
    27.867663293965));
#635 = CARTESIAN_POINT('',(89.224226695027,50.201030922059,
    27.353050424291));
#636 = CARTESIAN_POINT('',(89.902646915261,50.870977253309,
    26.827775314508));
#637 = CARTESIAN_POINT('',(91.218481792223,52.336751524658,
    25.733395717699));
#638 = CARTESIAN_POINT('',(91.849734774081,53.136662253051,
    25.164443465665));
#639 = CARTESIAN_POINT('',(92.432550060546,53.978818728523,
    24.596649791979));
#640 = CARTESIAN_POINT('',(92.966384438716,54.85935829983,
    24.036504319451));
#641 = CARTESIAN_POINT('',(93.451934533108,55.773104686073,
    23.490128463578));
#642 = CARTESIAN_POINT('',(94.111263062622,57.185358014124,
    22.698239628881));
#643 = CARTESIAN_POINT('',(94.319978251465,57.664243681047,
    22.438287863895));
#644 = CARTESIAN_POINT('',(94.517385467194,58.149474489952,
    22.183569157589));
#645 = CARTESIAN_POINT('',(94.703852866858,58.640483152026,
    21.934558441492));
#646 = CARTESIAN_POINT('',(94.879768594399,59.136653966099,
    21.691690296899));
#647 = CARTESIAN_POINT('',(95.396522535496,60.697384646148,
    20.954958520866));
#648 = CARTESIAN_POINT('',(95.701754252698,61.776795187838,
    20.484226986082));
#649 = CARTESIAN_POINT('',(95.96615845259,62.872036603483,
    20.045418816438));
#650 = CARTESIAN_POINT('',(96.194325319832,63.979519698156,
    19.640136009581));
#651 = CARTESIAN_POINT('',(96.39054029462,65.095517200751,
    19.269436452044));
#652 = CARTESIAN_POINT('',(96.558755838264,66.216101853601,
    18.933832531537));
#653 = PCURVE('',#236,#654);
#654 = DEFINITIONAL_REPRESENTATION('',(#655),#728);
#655 = B_SPLINE_CURVE_WITH_KNOTS('',6,(#656,#657,#658,#659,#660,#661,
    #662,#663,#664,#665,#666,#667,#668,#669,#670,#671,#672,#673,#674,
    #675,#676,#677,#678,#679,#680,#681,#682,#683,#684,#685,#686,#687,
    #688,#689,#690,#691,#692,#693,#694,#695,#696,#697,#698,#699,#700,
    #701,#702,#703,#704,#705,#706,#707,#708,#709,#710,#711,#712,#713,
    #714,#715,#716,#717,#718,#719,#720,#721,#722,#723,#724,#725,#726,
    #727),.UNSPECIFIED.,.F.,.F.,(7,5,5,5,5,5,5,5,5,5,5,5,5,5,7),(0.,
    8.740557406582E-02,0.128687445262,0.210917874344,0.288013174053,
    0.332314672398,0.382528208698,0.500003673514,0.618567567042,
    0.667891251689,0.711649809418,0.7890862496,0.871314986304,
    0.912596009336,1.),.UNSPECIFIED.);
#656 = CARTESIAN_POINT('',(-0.581675768387,-22.44124416173));
#657 = CARTESIAN_POINT('',(-0.556787346045,-22.60945901652));
#658 = CARTESIAN_POINT('',(-0.531778068792,-22.80567388706));
#659 = CARTESIAN_POINT('',(-0.506703422809,-23.03384120145));
#660 = CARTESIAN_POINT('',(-0.481616816635,-23.29824614832));
#661 = CARTESIAN_POINT('',(-0.456572843951,-23.60347831744));
#662 = CARTESIAN_POINT('',(-0.419852101631,-24.12023140559));
#663 = CARTESIAN_POINT('',(-0.408099615392,-24.29614713314));
#664 = CARTESIAN_POINT('',(-0.39638771907,-24.4826145328));
#665 = CARTESIAN_POINT('',(-0.384729336059,-24.68002174853));
#666 = CARTESIAN_POINT('',(-0.37313699777,-24.88873693737));
#667 = CARTESIAN_POINT('',(-0.338687649617,-25.54806548237));
#668 = CARTESIAN_POINT('',(-0.316044601381,-26.03361553075));
#669 = CARTESIAN_POINT('',(-0.293852521983,-26.5674499431));
#670 = CARTESIAN_POINT('',(-0.272252920502,-27.15026525815));
#671 = CARTESIAN_POINT('',(-0.251373034466,-27.78151818439));
#672 = CARTESIAN_POINT('',(-0.212536332956,-29.09452861877));
#673 = CARTESIAN_POINT('',(-0.194504874728,-29.76977420234));
#674 = CARTESIAN_POINT('',(-0.177317771517,-30.483299288));
#675 = CARTESIAN_POINT('',(-0.161050686065,-31.23244214507));
#676 = CARTESIAN_POINT('',(-0.145768431616,-32.01342672051));
#677 = CARTESIAN_POINT('',(-0.123335189612,-33.28551448173));
#678 = CARTESIAN_POINT('',(-0.115487016882,-33.75881452717));
#679 = CARTESIAN_POINT('',(-0.107981340599,-34.2406063777));
#680 = CARTESIAN_POINT('',(-0.100821766854,-34.730251825));
#681 = CARTESIAN_POINT('',(-9.401127288871E-02,-35.22705755231));
#682 = CARTESIAN_POINT('',(-8.023083879096E-02,-36.30064622674));
#683 = CARTESIAN_POINT('',(-7.336059530344E-02,-36.87927663828));
#684 = CARTESIAN_POINT('',(-6.694053093772E-02,-37.46539707572));
#685 = CARTESIAN_POINT('',(-6.096958116668E-02,-38.05821734153));
#686 = CARTESIAN_POINT('',(-5.544640338517E-02,-38.65692590733));
#687 = CARTESIAN_POINT('',(-3.849158281309E-02,-40.67320658829));
#688 = CARTESIAN_POINT('',(-2.905965376271E-02,-42.11290727484));
#689 = CARTESIAN_POINT('',(-2.202146405396E-02,-43.57230441553));
#690 = CARTESIAN_POINT('',(-1.734331926256E-02,-45.04439779503));
#691 = CARTESIAN_POINT('',(-1.50059872005E-02,-46.52249097344));
#692 = CARTESIAN_POINT('',(-1.50059872005E-02,-49.49119838073));
#693 = CARTESIAN_POINT('',(-1.7386831315E-02,-50.98301073159));
#694 = CARTESIAN_POINT('',(-2.215221175784E-02,-52.46865676733));
#695 = CARTESIAN_POINT('',(-2.932203907734E-02,-53.94123787024));
#696 = CARTESIAN_POINT('',(-3.893108511262E-02,-55.39353988012));
#697 = CARTESIAN_POINT('',(-5.606781641378E-02,-57.4103681015));
#698 = CARTESIAN_POINT('',(-6.153310584401E-02,-57.99795241003));
#699 = CARTESIAN_POINT('',(-6.743058428786E-02,-58.57980484885));
#700 = CARTESIAN_POINT('',(-7.376148321073E-02,-59.15515359081));
#701 = CARTESIAN_POINT('',(-8.052676637994E-02,-59.72324728008));
#702 = CARTESIAN_POINT('',(-9.411508574181E-02,-60.78026655811));
#703 = CARTESIAN_POINT('',(-0.100845715677,-61.27090911192));
#704 = CARTESIAN_POINT('',(-0.107916905454,-61.7545622987));
#705 = CARTESIAN_POINT('',(-0.115325793762,-62.23055849112));
#706 = CARTESIAN_POINT('',(-0.123068921741,-62.6982824274));
#707 = CARTESIAN_POINT('',(-0.145429417911,-63.96923328525));
#708 = CARTESIAN_POINT('',(-0.160762013262,-64.75425469584));
#709 = CARTESIAN_POINT('',(-0.177088954887,-65.50719638263));
#710 = CARTESIAN_POINT('',(-0.194344729344,-66.22422669502));
#711 = CARTESIAN_POINT('',(-0.212452789871,-66.90264691526));
#712 = CARTESIAN_POINT('',(-0.251373033774,-68.21848179222));
#713 = CARTESIAN_POINT('',(-0.272252921697,-68.84973477408));
#714 = CARTESIAN_POINT('',(-0.293852521928,-69.43255006054));
#715 = CARTESIAN_POINT('',(-0.316044600159,-69.96638443871));
#716 = CARTESIAN_POINT('',(-0.338687650426,-70.4519345331));
#717 = CARTESIAN_POINT('',(-0.37313699777,-71.11126306262));
#718 = CARTESIAN_POINT('',(-0.384729336059,-71.31997825146));
#719 = CARTESIAN_POINT('',(-0.39638771907,-71.51738546719));
#720 = CARTESIAN_POINT('',(-0.408099615392,-71.70385286685));
#721 = CARTESIAN_POINT('',(-0.419852101631,-71.87976859439));
#722 = CARTESIAN_POINT('',(-0.456572904561,-72.39652253549));
#723 = CARTESIAN_POINT('',(-0.481616861415,-72.70175425269));
#724 = CARTESIAN_POINT('',(-0.506703405387,-72.96615845258));
#725 = CARTESIAN_POINT('',(-0.531777984359,-73.19432531983));
#726 = CARTESIAN_POINT('',(-0.556787244124,-73.39054029462));
#727 = CARTESIAN_POINT('',(-0.581675768387,-73.55875583826));
#728 = ( GEOMETRIC_REPRESENTATION_CONTEXT(2) 
PARAMETRIC_REPRESENTATION_CONTEXT() REPRESENTATION_CONTEXT('2D SPACE',''
  ) );
#729 = PCURVE('',#730,#735);
#730 = CYLINDRICAL_SURFACE('',#731,26.5);
#731 = AXIS2_PLACEMENT_3D('',#732,#733,#734);
#732 = CARTESIAN_POINT('',(71.,91.864880612334,18.559468823913));
#733 = DIRECTION('',(0.,0.965925826289,0.258819045103));
#734 = DIRECTION('',(-1.,0.,0.));
#735 = DEFINITIONAL_REPRESENTATION('',(#736),#809);
#736 = B_SPLINE_CURVE_WITH_KNOTS('',6,(#737,#738,#739,#740,#741,#742,
    #743,#744,#745,#746,#747,#748,#749,#750,#751,#752,#753,#754,#755,
    #756,#757,#758,#759,#760,#761,#762,#763,#764,#765,#766,#767,#768,
    #769,#770,#771,#772,#773,#774,#775,#776,#777,#778,#779,#780,#781,
    #782,#783,#784,#785,#786,#787,#788,#789,#790,#791,#792,#793,#794,
    #795,#796,#797,#798,#799,#800,#801,#802,#803,#804,#805,#806,#807,
    #808),.UNSPECIFIED.,.F.,.F.,(7,5,5,5,5,5,5,5,5,5,5,5,5,5,7),(0.,
    8.740557406582E-02,0.128687445262,0.210917874344,0.288013174053,
    0.332314672398,0.382528208698,0.500003673514,0.618567567042,
    0.667891251689,0.711649809418,0.7890862496,0.871314986304,
    0.912596009336,1.),.UNSPECIFIED.);
#737 = CARTESIAN_POINT('',(0.267323491515,-24.6779253585));
#738 = CARTESIAN_POINT('',(0.291354185057,-25.67346225219));
#739 = CARTESIAN_POINT('',(0.316854674242,-26.65548980652));
#740 = CARTESIAN_POINT('',(0.343834256918,-27.6203440859));
#741 = CARTESIAN_POINT('',(0.372303646367,-28.56469642186));
#742 = CARTESIAN_POINT('',(0.402279791865,-29.48549311216));
#743 = CARTESIAN_POINT('',(0.44867397938,-30.80236079554));
#744 = CARTESIAN_POINT('',(0.463893918093,-31.21876609784));
#745 = CARTESIAN_POINT('',(0.479444558974,-31.62859532971));
#746 = CARTESIAN_POINT('',(0.495319511968,-32.03136624741));
#747 = CARTESIAN_POINT('',(0.511512593392,-32.42665381334));
#748 = CARTESIAN_POINT('',(0.560895722413,-33.58582989136));
#749 = CARTESIAN_POINT('',(0.595039241466,-34.32702858117));
#750 = CARTESIAN_POINT('',(0.630317467947,-35.03258821337));
#751 = CARTESIAN_POINT('',(0.666597423439,-35.69909312694));
#752 = CARTESIAN_POINT('',(0.703740581397,-36.32449182226));
#753 = CARTESIAN_POINT('',(0.77709352441,-37.45464367236));
#754 = CARTESIAN_POINT('',(0.813166642675,-37.96372114334));
#755 = CARTESIAN_POINT('',(0.849707069061,-38.43460881195));
#756 = CARTESIAN_POINT('',(0.88659775241,-38.86760704796));
#757 = CARTESIAN_POINT('',(0.923710620566,-39.26355759548));
#758 = CARTESIAN_POINT('',(0.982272092702,-39.83061916324));
#759 = CARTESIAN_POINT('',(1.003677836458,-40.02581648341));
#760 = CARTESIAN_POINT('',(1.025106770534,-40.20963862255));
#761 = CARTESIAN_POINT('',(1.046546939702,-40.38245091287));
#762 = CARTESIAN_POINT('',(1.067985788635,-40.54461419897));
#763 = CARTESIAN_POINT('',(1.113693020212,-40.86861457402));
#764 = CARTESIAN_POINT('',(1.137958080845,-41.02752677989));
#765 = CARTESIAN_POINT('',(1.162199314031,-41.17382658944));
#766 = CARTESIAN_POINT('',(1.186410813389,-41.3080718855));
#767 = CARTESIAN_POINT('',(1.210586515156,-41.43076952661));
#768 = CARTESIAN_POINT('',(1.291181380563,-41.80347915686));
#769 = CARTESIAN_POINT('',(1.347392817596,-42.00378364377));
#770 = CARTESIAN_POINT('',(1.403401456991,-42.14979922097));
#771 = CARTESIAN_POINT('',(1.459264178609,-42.24570123961));
#772 = CARTESIAN_POINT('',(1.515041269189,-42.29361653961));
#773 = CARTESIAN_POINT('',(1.627067963804,-42.29361653961));
#774 = CARTESIAN_POINT('',(1.683362758311,-42.2448092417));
#775 = CARTESIAN_POINT('',(1.739745656336,-42.1471188949));
#776 = CARTESIAN_POINT('',(1.796278139621,-41.99833962687));
#777 = CARTESIAN_POINT('',(1.853018177868,-41.79414232542));
#778 = CARTESIAN_POINT('',(1.933723878157,-41.41696133453));
#779 = CARTESIAN_POINT('',(1.957474732502,-41.29540732481));
#780 = CARTESIAN_POINT('',(1.981259885704,-41.16267630689));
#781 = CARTESIAN_POINT('',(2.005073460581,-41.01828613703));
#782 = CARTESIAN_POINT('',(2.028909733907,-40.8617075139));
#783 = CARTESIAN_POINT('',(2.073925190668,-40.54212725325));
#784 = CARTESIAN_POINT('',(2.095101387351,-40.38183866217));
#785 = CARTESIAN_POINT('',(2.116278812105,-40.21115818059));
#786 = CARTESIAN_POINT('',(2.137445384646,-40.02973790138));
#787 = CARTESIAN_POINT('',(2.158589594839,-39.83722557512));
#788 = CARTESIAN_POINT('',(2.217058259727,-39.27233904885));
#789 = CARTESIAN_POINT('',(2.254339966939,-38.87528940487));
#790 = CARTESIAN_POINT('',(2.291398959136,-38.44087686348));
#791 = CARTESIAN_POINT('',(2.328105567718,-37.96824204562));
#792 = CARTESIAN_POINT('',(2.364341336914,-37.45707478437));
#793 = CARTESIAN_POINT('',(2.437852070886,-36.32449184238));
#794 = CARTESIAN_POINT('',(2.474995232155,-35.69909308968));
#795 = CARTESIAN_POINT('',(2.51127518571,-35.03258821669));
#796 = CARTESIAN_POINT('',(2.546553410151,-34.32702862001));
#797 = CARTESIAN_POINT('',(2.580696932336,-33.58582986415));
#798 = CARTESIAN_POINT('',(2.630080060198,-32.42665381334));
#799 = CARTESIAN_POINT('',(2.646273141621,-32.03136624741));
#800 = CARTESIAN_POINT('',(2.662148094616,-31.62859532971));
#801 = CARTESIAN_POINT('',(2.677698735497,-31.21876609784));
#802 = CARTESIAN_POINT('',(2.692918674209,-30.80236079555));
#803 = CARTESIAN_POINT('',(2.739312938302,-29.48549093858));
#804 = CARTESIAN_POINT('',(2.769289055725,-28.56469470552));
#805 = CARTESIAN_POINT('',(2.797758370358,-27.62034464758));
#806 = CARTESIAN_POINT('',(2.824737886759,-26.65549303332));
#807 = CARTESIAN_POINT('',(2.850238370125,-25.67346632899));
#808 = CARTESIAN_POINT('',(2.874269162074,-24.6779253585));
#809 = ( GEOMETRIC_REPRESENTATION_CONTEXT(2) 
PARAMETRIC_REPRESENTATION_CONTEXT() REPRESENTATION_CONTEXT('2D SPACE',''
  ) );
#810 = ORIENTED_EDGE('',*,*,#811,.F.);
#811 = EDGE_CURVE('',#812,#577,#814,.T.);
#812 = VERTEX_POINT('',#813);
#813 = CARTESIAN_POINT('',(99.657459761814,66.216101853601,
    18.933832531536));
#814 = SURFACE_CURVE('',#815,(#819,#825),.PCURVE_S1.);
#815 = LINE('',#816,#817);
#816 = CARTESIAN_POINT('',(23.,66.216101853601,18.933832531537));
#817 = VECTOR('',#818,1.);
#818 = DIRECTION('',(-1.,-0.,-0.));
#819 = PCURVE('',#236,#820);
#820 = DEFINITIONAL_REPRESENTATION('',(#821),#824);
#821 = B_SPLINE_CURVE_WITH_KNOTS('',1,(#822,#823),.UNSPECIFIED.,.F.,.F.,
  (2,2),(-76.96733015416,-73.2488854459),.PIECEWISE_BEZIER_KNOTS.);
#822 = CARTESIAN_POINT('',(-0.581675768387,-76.96733015416));
#823 = CARTESIAN_POINT('',(-0.581675768387,-73.2488854459));
#824 = ( GEOMETRIC_REPRESENTATION_CONTEXT(2) 
PARAMETRIC_REPRESENTATION_CONTEXT() REPRESENTATION_CONTEXT('2D SPACE',''
  ) );
#825 = PCURVE('',#826,#831);
#826 = PLANE('',#827);
#827 = AXIS2_PLACEMENT_3D('',#828,#829,#830);
#828 = CARTESIAN_POINT('',(99.657459761814,90.053147296616,
    25.320949607936));
#829 = DIRECTION('',(0.,0.258819045103,-0.965925826289));
#830 = DIRECTION('',(-1.,0.,0.));
#831 = DEFINITIONAL_REPRESENTATION('',(#832),#835);
#832 = B_SPLINE_CURVE_WITH_KNOTS('',1,(#833,#834),.UNSPECIFIED.,.F.,.F.,
  (2,2),(-76.96733015416,-73.2488854459),.PIECEWISE_BEZIER_KNOTS.);
#833 = CARTESIAN_POINT('',(-0.309870392355,-24.6779253585));
#834 = CARTESIAN_POINT('',(3.408574315905,-24.6779253585));
#835 = ( GEOMETRIC_REPRESENTATION_CONTEXT(2) 
PARAMETRIC_REPRESENTATION_CONTEXT() REPRESENTATION_CONTEXT('2D SPACE',''
  ) );
#836 = ORIENTED_EDGE('',*,*,#837,.F.);
#837 = EDGE_CURVE('',#838,#812,#840,.T.);
#838 = VERTEX_POINT('',#839);
#839 = CARTESIAN_POINT('',(82.568768096439,43.696296665923,
    33.746965004232));
#840 = SURFACE_CURVE('',#841,(#874,#910),.PCURVE_S1.);
#841 = B_SPLINE_CURVE_WITH_KNOTS('',6,(#842,#843,#844,#845,#846,#847,
    #848,#849,#850,#851,#852,#853,#854,#855,#856,#857,#858,#859,#860,
    #861,#862,#863,#864,#865,#866,#867,#868,#869,#870,#871,#872,#873),
  .UNSPECIFIED.,.F.,.F.,(7,5,5,5,5,5,7),(0.,0.186279967094,
    0.276628277885,0.449607409168,0.659802803488,0.766468153456,1.),
  .UNSPECIFIED.);
#842 = CARTESIAN_POINT('',(82.568768096439,43.696296665923,
    33.746965004232));
#843 = CARTESIAN_POINT('',(83.459793048494,43.965703039013,
    33.425898991234));
#844 = CARTESIAN_POINT('',(84.339258579673,44.265819259814,
    33.075211814873));
#845 = CARTESIAN_POINT('',(85.204433144002,44.598055923939,
    32.695871400924));
#846 = CARTESIAN_POINT('',(86.052721029807,44.963921870577,
    32.289199259235));
#847 = CARTESIAN_POINT('',(86.88168854705,45.365029292866,
    31.856841759023));
#848 = CARTESIAN_POINT('',(88.080690975261,46.015568524722,
    31.179526545408));
#849 = CARTESIAN_POINT('',(88.467132987958,46.236686660813,
    30.952774851171));
#850 = CARTESIAN_POINT('',(88.848029020066,46.466569113274,
    30.720788973222));
#851 = CARTESIAN_POINT('',(89.223023669333,46.705322439739,
    30.483895132087));
#852 = CARTESIAN_POINT('',(89.591792982242,46.9530429748,30.242439712953
    ));
#853 = CARTESIAN_POINT('',(90.647603014567,47.701428402175,
    29.526461741085));
#854 = CARTESIAN_POINT('',(91.31758953112,48.226451027354,
    29.040529873682));
#855 = CARTESIAN_POINT('',(91.960925266844,48.784843137046,
    28.542179338941));
#856 = CARTESIAN_POINT('',(92.575288783652,49.376192558015,28.0348939346
    ));
#857 = CARTESIAN_POINT('',(93.159055666173,49.999656430848,
    27.522296315896));
#858 = CARTESIAN_POINT('',(94.382223123746,51.448907874258,
    26.383035995289));
#859 = CARTESIAN_POINT('',(95.005729068406,52.288368228857,
    25.756344572763));
#860 = CARTESIAN_POINT('',(95.580104497885,53.169558217042,
    25.13449565202));
#861 = CARTESIAN_POINT('',(96.105128674776,54.08865335537,
    24.523975221993));
#862 = CARTESIAN_POINT('',(96.581766428425,55.0405026644,23.930843487343
    ));
#863 = CARTESIAN_POINT('',(97.230208664919,56.514644547006,
    23.070925173061));
#864 = CARTESIAN_POINT('',(97.436615151991,57.017800114299,
    22.787172833376));
#865 = CARTESIAN_POINT('',(97.631521708629,57.527343445337,
    22.509646783735));
#866 = CARTESIAN_POINT('',(97.81532829014,58.042699241974,
    22.238813933528));
#867 = CARTESIAN_POINT('',(97.988452750901,58.563241767759,
    21.975099437332));
#868 = CARTESIAN_POINT('',(98.507926852316,60.237839316837,
    21.157919257404));
#869 = CARTESIAN_POINT('',(98.815103157467,61.408051258177,
    20.633354252767));
#870 = CARTESIAN_POINT('',(99.078573084016,62.595044324043,
    20.147437748846));
#871 = CARTESIAN_POINT('',(99.303609010313,63.794839230207,
    19.701695043206));
#872 = CARTESIAN_POINT('',(99.495087530757,65.003304370761,
    19.297053274376));
#873 = CARTESIAN_POINT('',(99.657459761814,66.216101853601,
    18.933832531537));
#874 = PCURVE('',#236,#875);
#875 = DEFINITIONAL_REPRESENTATION('',(#876),#909);
#876 = B_SPLINE_CURVE_WITH_KNOTS('',6,(#877,#878,#879,#880,#881,#882,
    #883,#884,#885,#886,#887,#888,#889,#890,#891,#892,#893,#894,#895,
    #896,#897,#898,#899,#900,#901,#902,#903,#904,#905,#906,#907,#908),
  .UNSPECIFIED.,.F.,.F.,(7,5,5,5,5,5,7),(0.,0.186279967094,
    0.276628277885,0.449607409168,0.659802803488,0.766468153456,1.),
  .UNSPECIFIED.);
#877 = CARTESIAN_POINT('',(0.,-59.56876809643));
#878 = CARTESIAN_POINT('',(-8.917487526034E-03,-60.45979304849));
#879 = CARTESIAN_POINT('',(-1.873775726721E-02,-61.33925857967));
#880 = CARTESIAN_POINT('',(-2.946562932878E-02,-62.204433144));
#881 = CARTESIAN_POINT('',(-4.110271364749E-02,-63.0527210298));
#882 = CARTESIAN_POINT('',(-5.364898334193E-02,-63.88168854705));
#883 = CARTESIAN_POINT('',(-7.363038246461E-02,-65.08069097526));
#884 = CARTESIAN_POINT('',(-8.036884506954E-02,-65.46713298795));
#885 = CARTESIAN_POINT('',(-8.731729903808E-02,-65.84802902006));
#886 = CARTESIAN_POINT('',(-9.447297299145E-02,-66.22302366933));
#887 = CARTESIAN_POINT('',(-0.101832823471,-66.59179298224));
#888 = CARTESIAN_POINT('',(-0.123869309165,-67.64760301456));
#889 = CARTESIAN_POINT('',(-0.139088250287,-68.31758953112));
#890 = CARTESIAN_POINT('',(-0.155008261401,-68.96092526684));
#891 = CARTESIAN_POINT('',(-0.171580198211,-69.57528878365));
#892 = CARTESIAN_POINT('',(-0.188749097572,-70.15905566617));
#893 = CARTESIAN_POINT('',(-0.22797106821,-71.38222312374));
#894 = CARTESIAN_POINT('',(-0.2502532741,-72.0057290684));
#895 = CARTESIAN_POINT('',(-0.273187472024,-72.58010449788));
#896 = CARTESIAN_POINT('',(-0.296649397253,-73.10512867477));
#897 = CARTESIAN_POINT('',(-0.320501436675,-73.58176642842));
#898 = CARTESIAN_POINT('',(-0.356812512803,-74.23020866491));
#899 = CARTESIAN_POINT('',(-0.369101656556,-74.43661515199));
#900 = CARTESIAN_POINT('',(-0.381444731973,-74.63152170862));
#901 = CARTESIAN_POINT('',(-0.393829628807,-74.81532829014));
#902 = CARTESIAN_POINT('',(-0.406243822941,-74.9884527509));
#903 = CARTESIAN_POINT('',(-0.445889494403,-75.50792685231));
#904 = CARTESIAN_POINT('',(-0.473160241366,-75.81510315746));
#905 = CARTESIAN_POINT('',(-0.500427529311,-76.07857308401));
#906 = CARTESIAN_POINT('',(-0.527638029768,-76.30360901031));
#907 = CARTESIAN_POINT('',(-0.554739169264,-76.49508753075));
#908 = CARTESIAN_POINT('',(-0.581675768387,-76.65745976181));
#909 = ( GEOMETRIC_REPRESENTATION_CONTEXT(2) 
PARAMETRIC_REPRESENTATION_CONTEXT() REPRESENTATION_CONTEXT('2D SPACE',''
  ) );
#910 = PCURVE('',#509,#911);
#911 = DEFINITIONAL_REPRESENTATION('',(#912),#945);
#912 = B_SPLINE_CURVE_WITH_KNOTS('',6,(#913,#914,#915,#916,#917,#918,
    #919,#920,#921,#922,#923,#924,#925,#926,#927,#928,#929,#930,#931,
    #932,#933,#934,#935,#936,#937,#938,#939,#940,#941,#942,#943,#944),
  .UNSPECIFIED.,.F.,.F.,(7,5,5,5,5,5,7),(0.,0.186279967094,
    0.276628277885,0.449607409168,0.659802803488,0.766468153456,1.),
  .UNSPECIFIED.);
#913 = CARTESIAN_POINT('',(1.973776608863,-42.59646599072));
#914 = CARTESIAN_POINT('',(2.006610999782,-42.41933741608));
#915 = CARTESIAN_POINT('',(2.039570946356,-42.22021192764));
#916 = CARTESIAN_POINT('',(2.072627433708,-41.99747647703));
#917 = CARTESIAN_POINT('',(2.105753853832,-41.74933160559));
#918 = CARTESIAN_POINT('',(2.13892513472,-41.47379394263));
#919 = CARTESIAN_POINT('',(2.188215311091,-41.02072337439));
#920 = CARTESIAN_POINT('',(2.204315044135,-40.86582731306));
#921 = CARTESIAN_POINT('',(2.220407725066,-40.70382027862));
#922 = CARTESIAN_POINT('',(2.236485417535,-40.53451491223));
#923 = CARTESIAN_POINT('',(2.252540512434,-40.35772851073));
#924 = CARTESIAN_POINT('',(2.299247062888,-39.8201524334));
#925 = CARTESIAN_POINT('',(2.329832817135,-39.43878794226));
#926 = CARTESIAN_POINT('',(2.360227828939,-39.02840519184));
#927 = CARTESIAN_POINT('',(2.390346129952,-38.58850063771));
#928 = CARTESIAN_POINT('',(2.420108094108,-38.11895080738));
#929 = CARTESIAN_POINT('',(2.485077463038,-37.01394367771));
#930 = CARTESIAN_POINT('',(2.520033986727,-36.36528691661));
#931 = CARTESIAN_POINT('',(2.554169449244,-35.67506909302));
#932 = CARTESIAN_POINT('',(2.58735425375,-34.9453056768));
#933 = CARTESIAN_POINT('',(2.61946408363,-34.17940363566));
#934 = CARTESIAN_POINT('',(2.666063995761,-32.9780551566));
#935 = CARTESIAN_POINT('',(2.681449281338,-32.56548470912));
#936 = CARTESIAN_POINT('',(2.696527289515,-32.14513267321));
#937 = CARTESIAN_POINT('',(2.711292091491,-31.71743389919));
#938 = CARTESIAN_POINT('',(2.725737600502,-31.28288276393));
#939 = CARTESIAN_POINT('',(2.770772346309,-29.87684753648));
#940 = CARTESIAN_POINT('',(2.800101860523,-28.88227701371));
#941 = CARTESIAN_POINT('',(2.82787599389,-27.86149420131));
#942 = CARTESIAN_POINT('',(2.854112562248,-26.81794801663));
#943 = CARTESIAN_POINT('',(2.878823319854,-25.75538932341));
#944 = CARTESIAN_POINT('',(2.902019352862,-24.6779253585));
#945 = ( GEOMETRIC_REPRESENTATION_CONTEXT(2) 
PARAMETRIC_REPRESENTATION_CONTEXT() REPRESENTATION_CONTEXT('2D SPACE',''
  ) );
#946 = ORIENTED_EDGE('',*,*,#947,.T.);
#947 = EDGE_CURVE('',#838,#948,#950,.T.);
#948 = VERTEX_POINT('',#949);
#949 = CARTESIAN_POINT('',(119.,43.696296665923,33.746965004232));
#950 = SURFACE_CURVE('',#951,(#955,#962),.PCURVE_S1.);
#951 = LINE('',#952,#953);
#952 = CARTESIAN_POINT('',(23.,43.696296665923,33.746965004232));
#953 = VECTOR('',#954,1.);
#954 = DIRECTION('',(1.,0.,0.));
#955 = PCURVE('',#236,#956);
#956 = DEFINITIONAL_REPRESENTATION('',(#957),#961);
#957 = LINE('',#958,#959);
#958 = CARTESIAN_POINT('',(-0.,0.));
#959 = VECTOR('',#960,1.);
#960 = DIRECTION('',(-0.,-1.));
#961 = ( GEOMETRIC_REPRESENTATION_CONTEXT(2) 
PARAMETRIC_REPRESENTATION_CONTEXT() REPRESENTATION_CONTEXT('2D SPACE',''
  ) );
#962 = PCURVE('',#374,#963);
#963 = DEFINITIONAL_REPRESENTATION('',(#964),#968);
#964 = LINE('',#965,#966);
#965 = CARTESIAN_POINT('',(50.203518566881,0.));
#966 = VECTOR('',#967,1.);
#967 = DIRECTION('',(0.,-1.));
#968 = ( GEOMETRIC_REPRESENTATION_CONTEXT(2) 
PARAMETRIC_REPRESENTATION_CONTEXT() REPRESENTATION_CONTEXT('2D SPACE',''
  ) );
#969 = ORIENTED_EDGE('',*,*,#970,.T.);
#970 = EDGE_CURVE('',#948,#971,#973,.T.);
#971 = VERTEX_POINT('',#972);
#972 = CARTESIAN_POINT('',(119.,101.03793898027,22.080676022646));
#973 = SURFACE_CURVE('',#974,(#979,#986),.PCURVE_S1.);
#974 = CIRCLE('',#975,47.);
#975 = AXIS2_PLACEMENT_3D('',#976,#977,#978);
#976 = CARTESIAN_POINT('',(119.,79.700385492515,63.957982659499));
#977 = DIRECTION('',(1.,0.,0.));
#978 = DIRECTION('',(0.,-0.766044443119,-0.642787609687));
#979 = PCURVE('',#236,#980);
#980 = DEFINITIONAL_REPRESENTATION('',(#981),#985);
#981 = LINE('',#982,#983);
#982 = CARTESIAN_POINT('',(6.28318530718,-96.));
#983 = VECTOR('',#984,1.);
#984 = DIRECTION('',(-1.,0.));
#985 = ( GEOMETRIC_REPRESENTATION_CONTEXT(2) 
PARAMETRIC_REPRESENTATION_CONTEXT() REPRESENTATION_CONTEXT('2D SPACE',''
  ) );
#986 = PCURVE('',#987,#992);
#987 = PLANE('',#988);
#988 = AXIS2_PLACEMENT_3D('',#989,#990,#991);
#989 = CARTESIAN_POINT('',(119.,52.191894655947,37.675660875702));
#990 = DIRECTION('',(1.,0.,0.));
#991 = DIRECTION('',(0.,1.,0.));
#992 = DEFINITIONAL_REPRESENTATION('',(#993),#997);
#993 = CIRCLE('',#994,47.);
#994 = AXIS2_PLACEMENT_2D('',#995,#996);
#995 = CARTESIAN_POINT('',(27.508490836568,26.282321783797));
#996 = DIRECTION('',(-0.766044443119,-0.642787609687));
#997 = ( GEOMETRIC_REPRESENTATION_CONTEXT(2) 
PARAMETRIC_REPRESENTATION_CONTEXT() REPRESENTATION_CONTEXT('2D SPACE',''
  ) );
#998 = ORIENTED_EDGE('',*,*,#999,.F.);
#999 = EDGE_CURVE('',#1000,#971,#1002,.T.);
#1000 = VERTEX_POINT('',#1001);
#1001 = CARTESIAN_POINT('',(92.976012879403,101.03793898027,
    22.080676022646));
#1002 = SURFACE_CURVE('',#1003,(#1007,#1014),.PCURVE_S1.);
#1003 = LINE('',#1004,#1005);
#1004 = CARTESIAN_POINT('',(23.,101.03793898027,22.080676022646));
#1005 = VECTOR('',#1006,1.);
#1006 = DIRECTION('',(1.,0.,0.));
#1007 = PCURVE('',#236,#1008);
#1008 = DEFINITIONAL_REPRESENTATION('',(#1009),#1013);
#1009 = LINE('',#1010,#1011);
#1010 = CARTESIAN_POINT('',(-1.343903524036,0.));
#1011 = VECTOR('',#1012,1.);
#1012 = DIRECTION('',(-0.,-1.));
#1013 = ( GEOMETRIC_REPRESENTATION_CONTEXT(2) 
PARAMETRIC_REPRESENTATION_CONTEXT() REPRESENTATION_CONTEXT('2D SPACE',''
  ) );
#1014 = PCURVE('',#1015,#1020);
#1015 = CYLINDRICAL_SURFACE('',#1016,2.);
#1016 = AXIS2_PLACEMENT_3D('',#1017,#1018,#1019);
#1017 = CARTESIAN_POINT('',(23.,100.12995798079,23.862689071023));
#1018 = DIRECTION('',(-1.,-0.,0.));
#1019 = DIRECTION('',(0.,-0.891006524188,-0.45399049974));
#1020 = DEFINITIONAL_REPRESENTATION('',(#1021),#1025);
#1021 = LINE('',#1022,#1023);
#1022 = CARTESIAN_POINT('',(4.712388980385,0.));
#1023 = VECTOR('',#1024,1.);
#1024 = DIRECTION('',(0.,-1.));
#1025 = ( GEOMETRIC_REPRESENTATION_CONTEXT(2) 
PARAMETRIC_REPRESENTATION_CONTEXT() REPRESENTATION_CONTEXT('2D SPACE',''
  ) );
#1026 = ORIENTED_EDGE('',*,*,#1027,.F.);
#1027 = EDGE_CURVE('',#108,#1000,#1028,.T.);
#1028 = SURFACE_CURVE('',#1029,(#1326,#1729),.PCURVE_S1.);
#1029 = B_SPLINE_CURVE_WITH_KNOTS('',8,(#1030,#1031,#1032,#1033,#1034,
    #1035,#1036,#1037,#1038,#1039,#1040,#1041,#1042,#1043,#1044,#1045,
    #1046,#1047,#1048,#1049,#1050,#1051,#1052,#1053,#1054,#1055,#1056,
    #1057,#1058,#1059,#1060,#1061,#1062,#1063,#1064,#1065,#1066,#1067,
    #1068,#1069,#1070,#1071,#1072,#1073,#1074,#1075,#1076,#1077,#1078,
    #1079,#1080,#1081,#1082,#1083,#1084,#1085,#1086,#1087,#1088,#1089,
    #1090,#1091,#1092,#1093,#1094,#1095,#1096,#1097,#1098,#1099,#1100,
    #1101,#1102,#1103,#1104,#1105,#1106,#1107,#1108,#1109,#1110,#1111,
    #1112,#1113,#1114,#1115,#1116,#1117,#1118,#1119,#1120,#1121,#1122,
    #1123,#1124,#1125,#1126,#1127,#1128,#1129,#1130,#1131,#1132,#1133,
    #1134,#1135,#1136,#1137,#1138,#1139,#1140,#1141,#1142,#1143,#1144,
    #1145,#1146,#1147,#1148,#1149,#1150,#1151,#1152,#1153,#1154,#1155,
    #1156,#1157,#1158,#1159,#1160,#1161,#1162,#1163,#1164,#1165,#1166,
    #1167,#1168,#1169,#1170,#1171,#1172,#1173,#1174,#1175,#1176,#1177,
    #1178,#1179,#1180,#1181,#1182,#1183,#1184,#1185,#1186,#1187,#1188,
    #1189,#1190,#1191,#1192,#1193,#1194,#1195,#1196,#1197,#1198,#1199,
    #1200,#1201,#1202,#1203,#1204,#1205,#1206,#1207,#1208,#1209,#1210,
    #1211,#1212,#1213,#1214,#1215,#1216,#1217,#1218,#1219,#1220,#1221,
    #1222,#1223,#1224,#1225,#1226,#1227,#1228,#1229,#1230,#1231,#1232,
    #1233,#1234,#1235,#1236,#1237,#1238,#1239,#1240,#1241,#1242,#1243,
    #1244,#1245,#1246,#1247,#1248,#1249,#1250,#1251,#1252,#1253,#1254,
    #1255,#1256,#1257,#1258,#1259,#1260,#1261,#1262,#1263,#1264,#1265,
    #1266,#1267,#1268,#1269,#1270,#1271,#1272,#1273,#1274,#1275,#1276,
    #1277,#1278,#1279,#1280,#1281,#1282,#1283,#1284,#1285,#1286,#1287,
    #1288,#1289,#1290,#1291,#1292,#1293,#1294,#1295,#1296,#1297,#1298,
    #1299,#1300,#1301,#1302,#1303,#1304,#1305,#1306,#1307,#1308,#1309,
    #1310,#1311,#1312,#1313,#1314,#1315,#1316,#1317,#1318,#1319,#1320,
    #1321,#1322,#1323,#1324,#1325),.UNSPECIFIED.,.F.,.F.,(9,7,7,7,7,7,7,
    7,7,7,7,7,7,7,7,7,7,7,7,7,7,7,7,7,7,7,7,7,7,7,7,7,7,7,7,7,7,7,7,7,7,
    7,9),(0.,0.345952647896,1.,1.659449845473,2.000301184356,
    2.001590649631,2.002621005742,2.004121678059,2.00523498599,
    2.006475272605,2.007500540421,2.008695344383,2.009973893473,
    2.010782788973,2.012016148851,2.013035703369,2.014181453771,
    2.015664725433,2.016849755161,2.018033379012,2.019173403699,
    2.020354280209,2.021491664685,3.869983378179,4.31036502096,
    4.554072651075,5.072405822901,5.536744028729,5.794765625413,
    6.081351688883,6.70616736391,7.333287043463,7.61545874193,
    7.874287841382,8.341681432193,8.864462505097,9.108676343563,
    9.562425873979,11.467779384058,11.697275986783,12.412063024811,
    13.04063094836,13.41196520313),.UNSPECIFIED.);
#1030 = CARTESIAN_POINT('',(49.023987120597,101.03793898027,
    22.080676022646));
#1031 = CARTESIAN_POINT('',(49.019820845404,100.65590513248,
    21.886020054627));
#1032 = CARTESIAN_POINT('',(49.016277437491,100.27224946672,
    21.695554875465));
#1033 = CARTESIAN_POINT('',(49.01328368189,99.887004727022,
    21.509278394915));
#1034 = CARTESIAN_POINT('',(49.010771683644,99.50020284931,
    21.327188994194));
#1035 = CARTESIAN_POINT('',(49.00867886781,99.111874961397,
    21.149285525982));
#1036 = CARTESIAN_POINT('',(49.006947979455,98.722051382985,
    20.975567314422));
#1037 = CARTESIAN_POINT('',(49.00552708366,98.330761625668,
    20.806034155118));
#1038 = CARTESIAN_POINT('',(49.002181197599,97.195556460664,
    20.328084814404));
#1039 = CARTESIAN_POINT('',(49.000933719567,96.44794201285,
    20.030443301307));
#1040 = CARTESIAN_POINT('',(49.000311181397,95.69538467553,
    19.747763812222));
#1041 = CARTESIAN_POINT('',(49.000062370179,94.938073064532,
    19.480056936084));
#1042 = CARTESIAN_POINT('',(48.99999998984,94.176190781353,
    19.227341852687));
#1043 = CARTESIAN_POINT('',(48.999999840862,93.409916409045,
    18.989646370973));
#1044 = CARTESIAN_POINT('',(49.,92.6394235081,18.767006967337));
#1045 = CARTESIAN_POINT('',(49.,91.083939918541,18.350216395675));
#1046 = CARTESIAN_POINT('',(48.999999832669,90.298889005517,
    18.156317595833));
#1047 = CARTESIAN_POINT('',(48.999999989526,89.509900566271,
    17.977818672465));
#1048 = CARTESIAN_POINT('',(49.000064459578,88.717147318378,
    17.81477627051));
#1049 = CARTESIAN_POINT('',(49.000321592122,87.920802020564,
    17.667257394111));
#1050 = CARTESIAN_POINT('',(49.000964959553,87.121037489294,
    17.535339368943));
#1051 = CARTESIAN_POINT('',(49.002254220161,86.31802661536,
    17.419109804551));
#1052 = CARTESIAN_POINT('',(49.005685022366,85.095299791798,
    17.26675022711));
#1053 = CARTESIAN_POINT('',(49.007114003927,84.677836543382,
    17.219051367967));
#1054 = CARTESIAN_POINT('',(49.008847896387,84.259576560233,
    17.175583545341));
#1055 = CARTESIAN_POINT('',(49.010936686877,83.840544208927,
    17.136361090641));
#1056 = CARTESIAN_POINT('',(49.013435378896,83.420764297607,
    17.101399100605));
#1057 = CARTESIAN_POINT('',(49.016403992305,83.000262075981,
    17.070713437297));
#1058 = CARTESIAN_POINT('',(49.019907563337,82.579063235321,
    17.044320728109));
#1059 = CARTESIAN_POINT('',(49.024031687646,82.155597946281,
    17.022154826585));
#1060 = CARTESIAN_POINT('',(49.024047239366,82.154001974504,
    17.022071349099));
#1061 = CARTESIAN_POINT('',(49.02406279975,82.152405993135,
    17.021987933301));
#1062 = CARTESIAN_POINT('',(49.024078368802,82.150810002176,
    17.021904579194));
#1063 = CARTESIAN_POINT('',(49.024093946526,82.149214001628,
    17.021821286777));
#1064 = CARTESIAN_POINT('',(49.024109532925,82.147617991493,
    17.021738056053));
#1065 = CARTESIAN_POINT('',(49.024125128004,82.146021971772,
    17.021654887021));
#1066 = CARTESIAN_POINT('',(49.024153200058,82.143150624254,
    17.021505372191));
#1067 = CARTESIAN_POINT('',(49.024165673896,82.141875299922,
    17.02143900409));
#1068 = CARTESIAN_POINT('',(49.024178153279,82.140599969471,
    17.021372675381));
#1069 = CARTESIAN_POINT('',(49.02419063821,82.139324632902,
    17.021306386064));
#1070 = CARTESIAN_POINT('',(49.024203128691,82.138049290216,
    17.02124013614));
#1071 = CARTESIAN_POINT('',(49.024215624724,82.136773941413,
    17.021173925608));
#1072 = CARTESIAN_POINT('',(49.024228126311,82.135498586494,
    17.021107754469));
#1073 = CARTESIAN_POINT('',(49.024258849604,82.132365713309,
    17.020945304492));
#1074 = CARTESIAN_POINT('',(49.02427707754,82.130508188186,
    17.020849069826));
#1075 = CARTESIAN_POINT('',(49.024295317267,82.128650650093,
    17.020752918726));
#1076 = CARTESIAN_POINT('',(49.024313568792,82.126793099033,
    17.020656851194));
#1077 = CARTESIAN_POINT('',(49.02433183212,82.124935535008,
    17.020560867231));
#1078 = CARTESIAN_POINT('',(49.024350107257,82.12307795802,
    17.02046496684));
#1079 = CARTESIAN_POINT('',(49.024368394209,82.121220368071,
    17.020369150021));
#1080 = CARTESIAN_POINT('',(49.024400268345,82.117984660145,
    17.020202394888));
#1081 = CARTESIAN_POINT('',(49.024413850213,82.116606547994,
    17.020131418998));
#1082 = CARTESIAN_POINT('',(49.02442743859,82.115228428712,
    17.020060489104));
#1083 = CARTESIAN_POINT('',(49.024441033478,82.113850302301,
    17.01998960521));
#1084 = CARTESIAN_POINT('',(49.024454634879,82.11247216876,
    17.019918767314));
#1085 = CARTESIAN_POINT('',(49.024468242797,82.11109402809,
    17.019847975417));
#1086 = CARTESIAN_POINT('',(49.024481857233,82.109715880294,
    17.019777229521));
#1087 = CARTESIAN_POINT('',(49.024510652689,82.106802384558,
    17.019627766031));
#1088 = CARTESIAN_POINT('',(49.024525835282,82.105267034901,
    17.019549059529));
#1089 = CARTESIAN_POINT('',(49.024541025971,82.1037316764,17.01947041012
    ));
#1090 = CARTESIAN_POINT('',(49.02455622476,82.102196309058,
    17.019391817806));
#1091 = CARTESIAN_POINT('',(49.024571431653,82.100660932874,
    17.019313282586));
#1092 = CARTESIAN_POINT('',(49.024586646653,82.09912554785,
    17.019234804462));
#1093 = CARTESIAN_POINT('',(49.024601869763,82.097590153989,
    17.019156383434));
#1094 = CARTESIAN_POINT('',(49.024629691692,82.094785529359,
    17.019013240916));
#1095 = CARTESIAN_POINT('',(49.024642287942,82.09351630139,
    17.018948501344));
#1096 = CARTESIAN_POINT('',(49.024654889738,82.092247067382,
    17.01888380079));
#1097 = CARTESIAN_POINT('',(49.024667497082,82.090977827338,
    17.018819139252));
#1098 = CARTESIAN_POINT('',(49.024680109976,82.089708581257,
    17.018754516733));
#1099 = CARTESIAN_POINT('',(49.024692728422,82.08843932914,
    17.018689933231));
#1100 = CARTESIAN_POINT('',(49.024705352423,82.087170070988,
    17.018625388749));
#1101 = CARTESIAN_POINT('',(49.024732699932,82.08442165974,
    17.018485711333));
#1102 = CARTESIAN_POINT('',(49.024747425431,82.082942504483,
    17.018410592371));
#1103 = CARTESIAN_POINT('',(49.024762158477,82.081463341032,
    17.018335526401));
#1104 = CARTESIAN_POINT('',(49.024776899075,82.079984169389,
    17.018260513422));
#1105 = CARTESIAN_POINT('',(49.024791647228,82.078504989554,
    17.018185553436));
#1106 = CARTESIAN_POINT('',(49.024806402938,82.077025801529,
    17.018110646443));
#1107 = CARTESIAN_POINT('',(49.024821166208,82.075546605314,
    17.018035792445));
#1108 = CARTESIAN_POINT('',(49.02485174318,82.072484517438,
    17.017880947553));
#1109 = CARTESIAN_POINT('',(49.024867557979,82.070901624589,
    17.017800964348));
#1110 = CARTESIAN_POINT('',(49.024883381443,82.069318722365,
    17.017721041829));
#1111 = CARTESIAN_POINT('',(49.024899213575,82.067735810767,
    17.017641179996));
#1112 = CARTESIAN_POINT('',(49.024915054379,82.066152889798,
    17.01756137885));
#1113 = CARTESIAN_POINT('',(49.024930903859,82.064569959458,
    17.017481638391));
#1114 = CARTESIAN_POINT('',(49.024946762019,82.062987019749,
    17.017401958622));
#1115 = CARTESIAN_POINT('',(49.024972667287,82.060402591421,
    17.017271967197));
#1116 = CARTESIAN_POINT('',(49.024982709187,82.059401108422,
    17.017221619145));
#1117 = CARTESIAN_POINT('',(49.024992754564,82.058399621673,
    17.017171295385));
#1118 = CARTESIAN_POINT('',(49.025002803418,82.057398131175,
    17.017120995917));
#1119 = CARTESIAN_POINT('',(49.025012855751,82.056396636928,
    17.017070720743));
#1120 = CARTESIAN_POINT('',(49.025022911563,82.055395138933,
    17.017020469861));
#1121 = CARTESIAN_POINT('',(49.025032970856,82.054393637191,
    17.016970243273));
#1122 = CARTESIAN_POINT('',(49.025058376801,82.051865090582,
    17.016843495248));
#1123 = CARTESIAN_POINT('',(49.025073728065,82.050338040751,
    17.016767005997));
#1124 = CARTESIAN_POINT('',(49.025089087427,82.048810982209,
    17.016690573226));
#1125 = CARTESIAN_POINT('',(49.025104454889,82.047283914957,
    17.016614196935));
#1126 = CARTESIAN_POINT('',(49.025119830455,82.045756838996,
    17.016537877125));
#1127 = CARTESIAN_POINT('',(49.025135214128,82.044229754328,
    17.016461613797));
#1128 = CARTESIAN_POINT('',(49.025150605912,82.042702660954,
    17.016385406953));
#1129 = CARTESIAN_POINT('',(49.025178736105,82.039913182944,
    17.016246307045));
#1130 = CARTESIAN_POINT('',(49.025191471945,82.038650801064,
    17.016183396097));
#1131 = CARTESIAN_POINT('',(49.025204213331,82.037388413237,
    17.016120523747));
#1132 = CARTESIAN_POINT('',(49.025216960266,82.036126019462,
    17.016057689997));
#1133 = CARTESIAN_POINT('',(49.025229712751,82.034863619741,
    17.015994894845));
#1134 = CARTESIAN_POINT('',(49.025242470788,82.033601214075,
    17.015932138293));
#1135 = CARTESIAN_POINT('',(49.02525523438,82.032338802463,
    17.015869420342));
#1136 = CARTESIAN_POINT('',(49.025282353183,82.029657710973,
    17.015736303472));
#1137 = CARTESIAN_POINT('',(49.025296709855,82.028239029532,
    17.015665914701));
#1138 = CARTESIAN_POINT('',(49.025311073546,82.026820340585,
    17.015595574678));
#1139 = CARTESIAN_POINT('',(49.025325444259,82.025401644133,
    17.015525283404));
#1140 = CARTESIAN_POINT('',(49.025339821997,82.023982940177,
    17.01545504088));
#1141 = CARTESIAN_POINT('',(49.025354206763,82.022564228719,
    17.015384847107));
#1142 = CARTESIAN_POINT('',(49.025368598559,82.02114550976,
    17.015314702085));
#1143 = CARTESIAN_POINT('',(49.025401637899,82.017890120835,
    17.015153860211));
#1144 = CARTESIAN_POINT('',(49.025420290198,82.016053445801,
    17.015063196313));
#1145 = CARTESIAN_POINT('',(49.02543895429,82.014216758198,
    17.014972614123));
#1146 = CARTESIAN_POINT('',(49.02545763018,82.012380058028,
    17.014882113641));
#1147 = CARTESIAN_POINT('',(49.025476317874,82.010543345295,
    17.014791694869));
#1148 = CARTESIAN_POINT('',(49.025495017379,82.008706619999,
    17.014701357808));
#1149 = CARTESIAN_POINT('',(49.025513728699,82.006869882144,
    17.014611102461));
#1150 = CARTESIAN_POINT('',(49.025547410316,82.003565697346,
    17.014448886437));
#1151 = CARTESIAN_POINT('',(49.025562376336,82.002098254945,
    17.014376896204));
#1152 = CARTESIAN_POINT('',(49.025577349905,82.00063080453,
    17.014304958129));
#1153 = CARTESIAN_POINT('',(49.025592331026,81.999163346102,
    17.014233072213));
#1154 = CARTESIAN_POINT('',(49.025607319701,81.997695879662,
    17.014161238457));
#1155 = CARTESIAN_POINT('',(49.025622315935,81.996228405211,
    17.01408945686));
#1156 = CARTESIAN_POINT('',(49.025637319729,81.994760922751,
    17.014017727425));
#1157 = CARTESIAN_POINT('',(49.025667324637,81.991827682789,
    17.013874457914));
#1158 = CARTESIAN_POINT('',(49.025682325732,81.990361925307,
    17.013802917713));
#1159 = CARTESIAN_POINT('',(49.025697334376,81.988896159837,
    17.013731429552));
#1160 = CARTESIAN_POINT('',(49.025712350572,81.987430386378,
    17.01365999343));
#1161 = CARTESIAN_POINT('',(49.025727374324,81.985964604934,
    17.013588609349));
#1162 = CARTESIAN_POINT('',(49.025742405633,81.984498815505,
    17.013517277309));
#1163 = CARTESIAN_POINT('',(49.025757444503,81.983033018091,
    17.01344599731));
#1164 = CARTESIAN_POINT('',(49.02578698313,81.980155400711,
    17.013306165102));
#1165 = CARTESIAN_POINT('',(49.025801482341,81.978743581322,
    17.01323760913));
#1166 = CARTESIAN_POINT('',(49.025815988571,81.977331754528,
    17.013169101437));
#1167 = CARTESIAN_POINT('',(49.025830501824,81.975919920331,
    17.013100642025));
#1168 = CARTESIAN_POINT('',(49.025845022102,81.974508078731,
    17.013032230893));
#1169 = CARTESIAN_POINT('',(49.025859549407,81.973096229729,
    17.012963868044));
#1170 = CARTESIAN_POINT('',(49.025874083743,81.971684373326,
    17.012895553477));
#1171 = CARTESIAN_POINT('',(49.025903687558,81.968810052773,
    17.012756574644));
#1172 = CARTESIAN_POINT('',(49.025918757551,81.967347588083,
    17.0126859139));
#1173 = CARTESIAN_POINT('',(49.025933835092,81.965885115454,
    17.012615304963));
#1174 = CARTESIAN_POINT('',(49.025948920186,81.964422634888,
    17.012544747832));
#1175 = CARTESIAN_POINT('',(49.025964012835,81.962960146386,
    17.01247424251));
#1176 = CARTESIAN_POINT('',(49.025979113042,81.961497649948,
    17.012403788995));
#1177 = CARTESIAN_POINT('',(49.02599422081,81.960035145577,
    17.01233338729));
#1178 = CARTESIAN_POINT('',(49.026023894773,81.957163985732,
    17.012195278506));
#1179 = CARTESIAN_POINT('',(49.02603846042,81.955755330831,
    17.012127567681));
#1180 = CARTESIAN_POINT('',(49.026053033086,81.954346668572,
    17.012059904921));
#1181 = CARTESIAN_POINT('',(49.026067612776,81.952937998956,
    17.011992290226));
#1182 = CARTESIAN_POINT('',(49.02608219949,81.951529321983,
    17.011924723597));
#1183 = CARTESIAN_POINT('',(49.026096793233,81.950120637656,
    17.011857205034));
#1184 = CARTESIAN_POINT('',(49.026111394005,81.948711945973,
    17.011789734538));
#1185 = CARTESIAN_POINT('',(49.049866793796,79.657867662974,
    16.902146524323));
#1186 = CARTESIAN_POINT('',(49.092211183523,77.346488218867,
    16.919411411132));
#1187 = CARTESIAN_POINT('',(49.164693053552,75.017563319692,
    17.066827743763));
#1188 = CARTESIAN_POINT('',(49.283520728368,72.677543923654,
    17.348340273948));
#1189 = CARTESIAN_POINT('',(49.470137002508,70.335554127685,
    17.767804669907));
#1190 = CARTESIAN_POINT('',(49.752341509327,68.003931927299,
    18.327659052207));
#1191 = CARTESIAN_POINT('',(50.165379495764,65.698991008814,
    19.027560526951));
#1192 = CARTESIAN_POINT('',(50.896127106688,62.905376337896,
    20.057460650248));
#1193 = CARTESIAN_POINT('',(51.046675081436,62.371038716695,
    20.262955400604));
#1194 = CARTESIAN_POINT('',(51.207679048289,61.84052044123,
    20.475524902391));
#1195 = CARTESIAN_POINT('',(51.379643490228,61.314459754706,
    20.694860598426));
#1196 = CARTESIAN_POINT('',(51.563072259027,60.793470620892,
    20.92061282061));
#1197 = CARTESIAN_POINT('',(51.758468087869,60.278142765463,
    21.152392104954));
#1198 = CARTESIAN_POINT('',(51.966332103955,59.769041717349,
    21.389770506604));
#1199 = CARTESIAN_POINT('',(52.309371562902,58.988717351969,
    21.766489517858));
#1200 = CARTESIAN_POINT('',(52.435532083226,58.712841900578,
    21.902247537196));
#1201 = CARTESIAN_POINT('',(52.565705091577,58.439224168711,
    22.039452680529));
#1202 = CARTESIAN_POINT('',(52.699947023024,58.168000077343,
    22.177996238762));
#1203 = CARTESIAN_POINT('',(52.838310465092,57.899299808823,
    22.317765447224));
#1204 = CARTESIAN_POINT('',(52.980844064638,57.63324782009,
    22.458643846827));
#1205 = CARTESIAN_POINT('',(53.127592434714,57.369962855887,
    22.600511645224));
#1206 = CARTESIAN_POINT('',(53.59976035475,56.555711968079,
    23.046822913929));
#1207 = CARTESIAN_POINT('',(53.94026179991,56.014741896447,
    23.354403312293));
#1208 = CARTESIAN_POINT('',(54.300267341121,55.488165227542,
    23.664581930711));
#1209 = CARTESIAN_POINT('',(54.679791025285,54.977311697341,
    23.97588316137));
#1210 = CARTESIAN_POINT('',(55.078681481693,54.483335422085,
    24.286785515577));
#1211 = CARTESIAN_POINT('',(55.496609401696,54.007227023011,
    24.595746008368));
#1212 = CARTESIAN_POINT('',(55.933055018383,53.549825751098,
    24.901224543106));
#1213 = CARTESIAN_POINT('',(56.794217739352,52.719463490576,
    25.470890540859));
#1214 = CARTESIAN_POINT('',(57.215207226045,52.342875409746,
    25.735923488921));
#1215 = CARTESIAN_POINT('',(57.649807131614,51.982455876861,
    25.995786274414));
#1216 = CARTESIAN_POINT('',(58.097449600594,51.638519401289,
    26.249476652149));
#1217 = CARTESIAN_POINT('',(58.557454546354,51.311309158312,
    26.496025768216));
#1218 = CARTESIAN_POINT('',(59.029028360659,51.000999653227,
    26.734512930613));
#1219 = CARTESIAN_POINT('',(59.511262623246,50.707699385435,
    26.964080379864));
#1220 = CARTESIAN_POINT('',(60.27645326988,50.277950310982,
    27.306123252382));
#1221 = CARTESIAN_POINT('',(60.552796707756,50.129686307362,
    27.425324691203));
#1222 = CARTESIAN_POINT('',(60.832041008685,49.986643194278,
    27.541439931364));
#1223 = CARTESIAN_POINT('',(61.114058469303,49.848800753711,
    27.654361705033));
#1224 = CARTESIAN_POINT('',(61.398715788384,49.716136942965,
    27.763988252564));
#1225 = CARTESIAN_POINT('',(61.685874055996,49.588627980604,
    27.870223653779));
#1226 = CARTESIAN_POINT('',(61.975388742657,49.466248432384,
    27.972978159241));
#1227 = CARTESIAN_POINT('',(62.591125811844,49.218710912255,
    28.182339824367));
#1228 = CARTESIAN_POINT('',(62.917866623741,49.094744043484,
    28.288115143017));
#1229 = CARTESIAN_POINT('',(63.247174131313,48.977014591083,
    28.389396543052));
#1230 = CARTESIAN_POINT('',(63.578886960145,48.865468051751,
    28.4860933504));
#1231 = CARTESIAN_POINT('',(63.912840357502,48.760051565018,
    28.578122300038));
#1232 = CARTESIAN_POINT('',(64.248866195547,48.66071395957,
    28.665407684674));
#1233 = CARTESIAN_POINT('',(64.586792974557,48.567405799578,
    28.747881503427));
#1234 = CARTESIAN_POINT('',(65.666957849554,48.289690256992,
    28.994671924611));
#1235 = CARTESIAN_POINT('',(66.415547916152,48.12776664646,
    29.140674750822));
#1236 = CARTESIAN_POINT('',(67.170849470206,47.993681289882,
    29.262985991192));
#1237 = CARTESIAN_POINT('',(67.931491817944,47.886931424305,
    29.361209573291));
#1238 = CARTESIAN_POINT('',(68.69610172888,47.807136931657,
    29.43505544497));
#1239 = CARTESIAN_POINT('',(69.463305033097,47.75403896842,
    29.484336876173));
#1240 = CARTESIAN_POINT('',(70.231728214496,47.7274991267,
    29.508969067835));
#1241 = CARTESIAN_POINT('',(71.771104783685,47.7274991267,
    29.508969067835));
#1242 = CARTESIAN_POINT('',(72.542363792338,47.754235060563,
    29.48415487934));
#1243 = CARTESIAN_POINT('',(73.312389791936,47.807725617771,
    29.434509071591));
#1244 = CARTESIAN_POINT('',(74.079793260331,47.88811125694,
    29.360117705566));
#1245 = CARTESIAN_POINT('',(74.843184036799,47.995654524744,
    29.261170417534));
#1246 = CARTESIAN_POINT('',(75.601172975591,48.130740914977,
    29.137961831967));
#1247 = CARTESIAN_POINT('',(76.352373603502,48.293880267744,
    28.99089430382));
#1248 = CARTESIAN_POINT('',(77.429729260571,48.572021670702,
    28.743805187403));
#1249 = CARTESIAN_POINT('',(77.762373268181,48.664135811888,
    28.662408405678));
#1250 = CARTESIAN_POINT('',(78.093169076803,48.762096700972,
    28.576349342528));
#1251 = CARTESIAN_POINT('',(78.421953120325,48.86595158443,
    28.485693069445));
#1252 = CARTESIAN_POINT('',(78.748564996873,48.975749343785,
    28.390511894721));
#1253 = CARTESIAN_POINT('',(79.072847471671,49.091540452803,
    28.290885226269));
#1254 = CARTESIAN_POINT('',(79.394646479909,49.213376934695,
    28.186899434458));
#1255 = CARTESIAN_POINT('',(80.006572945559,49.458664274054,
    27.979351097914));
#1256 = CARTESIAN_POINT('',(80.297121229218,49.581149009738,
    27.876464140373));
#1257 = CARTESIAN_POINT('',(80.585304483058,49.70879391456,
    27.770070543164));
#1258 = CARTESIAN_POINT('',(80.870976885013,49.841624810746,
    27.660260587246));
#1259 = CARTESIAN_POINT('',(81.153998277661,49.979665867668,
    27.547130799142));
#1260 = CARTESIAN_POINT('',(81.434234157405,50.122939514962,
    27.430783616384));
#1261 = CARTESIAN_POINT('',(81.711555663665,50.271466355646,
    27.311327052967));
#1262 = CARTESIAN_POINT('',(82.481141445833,50.702994816084,
    26.967749299059));
#1263 = CARTESIAN_POINT('',(82.966696478923,50.998004697917,
    26.736783342463));
#1264 = CARTESIAN_POINT('',(83.441458278942,51.310249528963,
    26.496770977183));
#1265 = CARTESIAN_POINT('',(83.904499653474,51.639619125695,
    26.248586609128));
#1266 = CARTESIAN_POINT('',(84.355011271172,51.98593556524,
    25.993169306473));
#1267 = CARTESIAN_POINT('',(84.792300326855,52.348950433783,
    25.731507538204));
#1268 = CARTESIAN_POINT('',(85.215789206605,52.728342074986,
    25.464623912649));
#1269 = CARTESIAN_POINT('',(86.08273342987,53.565936172105,
    24.890374057738));
#1270 = CARTESIAN_POINT('',(86.522330218383,54.027882036227,
    24.582142015137));
#1271 = CARTESIAN_POINT('',(86.943069312034,54.508830949836,
    24.270415314168));
#1272 = CARTESIAN_POINT('',(87.344424946026,55.007919738326,
    23.956773058042));
#1273 = CARTESIAN_POINT('',(87.726067725085,55.524128869855,
    23.642796602742));
#1274 = CARTESIAN_POINT('',(88.087851551424,56.056269791786,
    23.330044232546));
#1275 = CARTESIAN_POINT('',(88.429800552696,56.602972267143,
    23.020025835546));
#1276 = CARTESIAN_POINT('',(88.902654273849,57.424131730675,
    22.571302520082));
#1277 = CARTESIAN_POINT('',(89.048944212992,57.688463653076,
    22.429318027529));
#1278 = CARTESIAN_POINT('',(89.191007789486,57.955553840119,
    22.288346701666));
#1279 = CARTESIAN_POINT('',(89.328891036361,58.225282970871,
    22.148508114316));
#1280 = CARTESIAN_POINT('',(89.462643964624,58.497526028791,
    22.009918450708));
#1281 = CARTESIAN_POINT('',(89.592320470308,58.772152288922,
    21.872690151225));
#1282 = CARTESIAN_POINT('',(89.717978241529,59.049025305082,
    21.736931553143));
#1283 = CARTESIAN_POINT('',(90.065798162247,59.846343512618,
    21.353430643704));
#1284 = CARTESIAN_POINT('',(90.278186316298,60.371788525164,
    21.109624408374));
#1285 = CARTESIAN_POINT('',(90.477396117085,60.903752472879,
    20.871827584438));
#1286 = CARTESIAN_POINT('',(90.663981530785,61.441624121924,
    20.640498126462));
#1287 = CARTESIAN_POINT('',(90.838496992238,61.984766417083,
    20.416050843367));
#1288 = CARTESIAN_POINT('',(91.001496896833,62.532516432406,
    20.198856056285));
#1289 = CARTESIAN_POINT('',(91.153535092394,63.084185321855,
    19.989238256407));
#1290 = CARTESIAN_POINT('',(91.889884200307,65.969042211341,
    18.940243515375));
#1291 = CARTESIAN_POINT('',(92.299370755627,68.348893939993,
    18.233916196028));
#1292 = CARTESIAN_POINT('',(92.573881471265,70.75481863979,
    17.676851821228));
#1293 = CARTESIAN_POINT('',(92.751233410883,73.169618689851,
    17.268806692295));
#1294 = CARTESIAN_POINT('',(92.860944103387,75.580520098605,
    17.006760293959));
#1295 = CARTESIAN_POINT('',(92.925499705917,77.978247037835,
    16.886365952302));
#1296 = CARTESIAN_POINT('',(92.961636368173,80.356338061295,
    16.903394457344));
#1297 = CARTESIAN_POINT('',(92.9832625605,82.993969844414,
    17.072664793596));
#1298 = CARTESIAN_POINT('',(92.985343428584,83.277199902144,
    17.092808178671));
#1299 = CARTESIAN_POINT('',(92.987200469172,83.560106475959,
    17.114893250868));
#1300 = CARTESIAN_POINT('',(92.988852773778,83.842681797074,
    17.138915047899));
#1301 = CARTESIAN_POINT('',(92.990318403145,84.124918186509,
    17.164868764904));
#1302 = CARTESIAN_POINT('',(92.991614387249,84.406808055082,
    17.192749754446));
#1303 = CARTESIAN_POINT('',(92.992756725298,84.688343903415,
    17.222553526516));
#1304 = CARTESIAN_POINT('',(92.996886373049,85.845260391283,
    17.353077355357));
#1305 = CARTESIAN_POINT('',(92.998667242617,86.717496739678,
    17.470489239738));
#1306 = CARTESIAN_POINT('',(92.999555996201,87.586002779957,
    17.606380600852));
#1307 = CARTESIAN_POINT('',(92.999911211589,88.450557611163,
    17.760635331022));
#1308 = CARTESIAN_POINT('',(93.000000014752,89.310942311555,
    17.933151841751));
#1309 = CARTESIAN_POINT('',(92.999999985985,90.16693824449,
    18.123842836802));
#1310 = CARTESIAN_POINT('',(93.,91.018325377182,18.332635032306));
#1311 = CARTESIAN_POINT('',(93.,92.60932257619,18.75894144694));
#1312 = CARTESIAN_POINT('',(93.000000122217,93.350023611563,
    18.972364498903));
#1313 = CARTESIAN_POINT('',(93.000000005753,94.086833799804,
    19.199697792795));
#1314 = CARTESIAN_POINT('',(92.999946785336,94.819599032467,
    19.440908591626));
#1315 = CARTESIAN_POINT('',(92.999734450736,95.548161015459,
    19.695971581088));
#1316 = CARTESIAN_POINT('',(92.999203206176,96.272357273172,
    19.964868842233));
#1317 = CARTESIAN_POINT('',(92.998138829752,96.99202115263,
    20.24758982414));
#1318 = CARTESIAN_POINT('',(92.995169199537,98.129353666048,
    20.719316861352));
#1319 = CARTESIAN_POINT('',(92.993786298689,98.550083495339,
    20.899325534167));
#1320 = CARTESIAN_POINT('',(92.992067716847,98.96913626162,
    21.084156752453));
#1321 = CARTESIAN_POINT('',(92.989951102145,99.386475784613,
    21.273810605175));
#1322 = CARTESIAN_POINT('',(92.987367211565,99.802064767748,
    21.468287823895));
#1323 = CARTESIAN_POINT('',(92.984239758187,100.21586480827,
    21.667589753818));
#1324 = CARTESIAN_POINT('',(92.98048525845,100.62783640737,
    21.871718324851));
#1325 = CARTESIAN_POINT('',(92.976012879403,101.03793898027,
    22.080676022646));
#1326 = PCURVE('',#236,#1327);
#1327 = DEFINITIONAL_REPRESENTATION('',(#1328),#1728);
#1328 = B_SPLINE_CURVE_WITH_KNOTS('',3,(#1329,#1330,#1331,#1332,#1333,
    #1334,#1335,#1336,#1337,#1338,#1339,#1340,#1341,#1342,#1343,#1344,
    #1345,#1346,#1347,#1348,#1349,#1350,#1351,#1352,#1353,#1354,#1355,
    #1356,#1357,#1358,#1359,#1360,#1361,#1362,#1363,#1364,#1365,#1366,
    #1367,#1368,#1369,#1370,#1371,#1372,#1373,#1374,#1375,#1376,#1377,
    #1378,#1379,#1380,#1381,#1382,#1383,#1384,#1385,#1386,#1387,#1388,
    #1389,#1390,#1391,#1392,#1393,#1394,#1395,#1396,#1397,#1398,#1399,
    #1400,#1401,#1402,#1403,#1404,#1405,#1406,#1407,#1408,#1409,#1410,
    #1411,#1412,#1413,#1414,#1415,#1416,#1417,#1418,#1419,#1420,#1421,
    #1422,#1423,#1424,#1425,#1426,#1427,#1428,#1429,#1430,#1431,#1432,
    #1433,#1434,#1435,#1436,#1437,#1438,#1439,#1440,#1441,#1442,#1443,
    #1444,#1445,#1446,#1447,#1448,#1449,#1450,#1451,#1452,#1453,#1454,
    #1455,#1456,#1457,#1458,#1459,#1460,#1461,#1462,#1463,#1464,#1465,
    #1466,#1467,#1468,#1469,#1470,#1471,#1472,#1473,#1474,#1475,#1476,
    #1477,#1478,#1479,#1480,#1481,#1482,#1483,#1484,#1485,#1486,#1487,
    #1488,#1489,#1490,#1491,#1492,#1493,#1494,#1495,#1496,#1497,#1498,
    #1499,#1500,#1501,#1502,#1503,#1504,#1505,#1506,#1507,#1508,#1509,
    #1510,#1511,#1512,#1513,#1514,#1515,#1516,#1517,#1518,#1519,#1520,
    #1521,#1522,#1523,#1524,#1525,#1526,#1527,#1528,#1529,#1530,#1531,
    #1532,#1533,#1534,#1535,#1536,#1537,#1538,#1539,#1540,#1541,#1542,
    #1543,#1544,#1545,#1546,#1547,#1548,#1549,#1550,#1551,#1552,#1553,
    #1554,#1555,#1556,#1557,#1558,#1559,#1560,#1561,#1562,#1563,#1564,
    #1565,#1566,#1567,#1568,#1569,#1570,#1571,#1572,#1573,#1574,#1575,
    #1576,#1577,#1578,#1579,#1580,#1581,#1582,#1583,#1584,#1585,#1586,
    #1587,#1588,#1589,#1590,#1591,#1592,#1593,#1594,#1595,#1596,#1597,
    #1598,#1599,#1600,#1601,#1602,#1603,#1604,#1605,#1606,#1607,#1608,
    #1609,#1610,#1611,#1612,#1613,#1614,#1615,#1616,#1617,#1618,#1619,
    #1620,#1621,#1622,#1623,#1624,#1625,#1626,#1627,#1628,#1629,#1630,
    #1631,#1632,#1633,#1634,#1635,#1636,#1637,#1638,#1639,#1640,#1641,
    #1642,#1643,#1644,#1645,#1646,#1647,#1648,#1649,#1650,#1651,#1652,
    #1653,#1654,#1655,#1656,#1657,#1658,#1659,#1660,#1661,#1662,#1663,
    #1664,#1665,#1666,#1667,#1668,#1669,#1670,#1671,#1672,#1673,#1674,
    #1675,#1676,#1677,#1678,#1679,#1680,#1681,#1682,#1683,#1684,#1685,
    #1686,#1687,#1688,#1689,#1690,#1691,#1692,#1693,#1694,#1695,#1696,
    #1697,#1698,#1699,#1700,#1701,#1702,#1703,#1704,#1705,#1706,#1707,
    #1708,#1709,#1710,#1711,#1712,#1713,#1714,#1715,#1716,#1717,#1718,
    #1719,#1720,#1721,#1722,#1723,#1724,#1725,#1726,#1727),
  .UNSPECIFIED.,.F.,.F.,(4,1,1,1,1,1,1,1,1,1,1,1,1,1,1,1,1,1,1,1,1,1,1,1
    ,1,1,1,1,1,1,1,1,1,1,1,1,1,1,1,1,1,1,1,1,1,1,1,1,1,1,1,1,1,1,1,1,1,1
    ,1,1,1,1,1,1,1,1,1,1,1,1,1,1,1,1,1,1,1,1,1,1,1,1,1,1,1,1,1,1,1,1,1,1
    ,1,1,1,1,1,1,1,1,1,1,1,1,1,1,1,1,1,1,1,1,1,1,1,1,1,1,1,1,1,1,1,1,1,1
    ,1,1,1,1,1,1,1,1,1,1,1,1,1,1,1,1,1,1,1,1,1,1,1,1,1,1,1,1,1,1,1,1,1,1
    ,1,1,1,1,1,1,1,1,1,1,1,1,1,1,1,1,1,1,1,1,1,1,1,1,1,1,1,1,1,1,1,1,1,1
    ,1,1,1,1,1,1,1,1,1,1,1,1,1,1,1,1,1,1,1,1,1,1,1,1,1,1,1,1,1,1,1,1,1,1
    ,1,1,1,1,1,1,1,1,1,1,1,1,1,1,1,1,1,1,1,1,1,1,1,1,1,1,1,1,1,1,1,1,1,1
    ,1,1,1,1,1,1,1,1,1,1,1,1,1,1,1,1,1,1,1,1,1,1,1,1,1,1,1,1,1,1,1,1,1,1
    ,1,1,1,1,1,1,1,1,1,1,1,1,1,1,1,1,1,1,1,1,1,1,1,1,1,1,1,1,1,1,1,1,1,1
    ,1,1,1,1,1,1,1,1,1,1,1,1,1,1,1,1,1,1,1,1,1,1,1,1,1,1,1,1,1,1,1,1,1,1
    ,1,1,1,1,1,1,1,1,1,1,1,1,1,1,1,1,1,1,1,1,1,1,1,1,1,1,1,1,1,1,1,1,4),
  (0.,3.38685989978E-02,6.773719799561E-02,0.101605796993,0.135474395991
    ,0.169342994989,0.203211593987,0.237080192985,0.270948791982,
    0.30481739098,0.338685989978,0.372554588976,0.406423187974,
    0.440291786971,0.474160385969,0.508028984967,0.541897583965,
    0.575766182963,0.60963478196,0.643503380958,0.677371979956,
    0.711240578954,0.745109177952,0.778977776949,0.812846375947,
    0.846714974945,0.880583573943,0.914452172941,0.948320771938,
    0.982189370936,1.016057969934,1.049926568932,1.08379516793,
    1.117663766927,1.151532365925,1.185400964923,1.219269563921,
    1.253138162919,1.287006761916,1.320875360914,1.354743959912,
    1.38861255891,1.422481157908,1.456349756906,1.490218355903,
    1.524086954901,1.557955553899,1.591824152897,1.625692751895,
    1.659561350892,1.69342994989,1.727298548888,1.761167147886,
    1.795035746884,1.828904345881,1.862772944879,1.896641543877,
    1.930510142875,1.964378741873,1.99824734087,2.032115939868,
    2.065984538866,2.099853137864,2.133721736862,2.167590335859,
    2.201458934857,2.235327533855,2.269196132853,2.303064731851,
    2.336933330848,2.370801929846,2.404670528844,2.438539127842,
    2.47240772684,2.506276325837,2.540144924835,2.574013523833,
    2.607882122831,2.641750721829,2.675619320826,2.709487919824,
    2.743356518822,2.77722511782,2.811093716818,2.844962315815,
    2.878830914813,2.912699513811,2.946568112809,2.980436711807,
    3.014305310804,3.048173909802,3.0820425088,3.115911107798,
    3.149779706796,3.183648305793,3.217516904791,3.251385503789,
    3.285254102787,3.319122701785,3.352991300782,3.38685989978,
    3.420728498778,3.454597097776,3.488465696774,3.522334295771,
    3.556202894769,3.590071493767,3.623940092765,3.657808691763,
    3.69167729076,3.725545889758,3.759414488756,3.793283087754,
    3.827151686752,3.861020285749,3.894888884747,3.928757483745,
    3.962626082743,3.996494681741,4.030363280739,4.064231879736,
    4.098100478734,4.131969077732,4.16583767673,4.199706275728,
    4.233574874725,4.267443473723,4.301312072721,4.335180671719,
    4.369049270717,4.402917869714,4.436786468712,4.47065506771,
    4.504523666708,4.538392265706,4.572260864703,4.606129463701,
    4.639998062699,4.673866661697,4.707735260695,4.741603859692,
    4.77547245869,4.809341057688,4.843209656686,4.877078255684,
    4.910946854681,4.944815453679,4.978684052677,5.012552651675,
    5.046421250673,5.08028984967,5.114158448668,5.148027047666,
    5.181895646664,5.215764245662,5.249632844659,5.283501443657,
    5.317370042655,5.351238641653,5.385107240651,5.418975839648,
    5.452844438646,5.486713037644,5.520581636642,5.55445023564,
    5.588318834637,5.622187433635,5.656056032633,5.689924631631,
    5.723793230629,5.757661829626,5.791530428624,5.825399027622,
    5.85926762662,5.893136225618,5.927004824615,5.960873423613,
    5.994742022611,6.028610621609,6.062479220607,6.096347819604,
    6.130216418602,6.1640850176,6.197953616598,6.231822215596,
    6.265690814593,6.299559413591,6.333428012589,6.367296611587,
    6.401165210585,6.435033809582,6.46890240858,6.502771007578,
    6.536639606576,6.570508205574,6.604376804572,6.638245403569,
    6.672114002567,6.705982601565,6.739851200563,6.773719799561,
    6.807588398558,6.841456997556,6.875325596554,6.909194195552,
    6.94306279455,6.976931393547,7.010799992545,7.044668591543,
    7.078537190541,7.112405789539,7.146274388536,7.180142987534,
    7.214011586532,7.24788018553,7.281748784528,7.315617383525,
    7.349485982523,7.383354581521,7.417223180519,7.451091779517,
    7.484960378514,7.518828977512,7.55269757651,7.586566175508,
    7.620434774506,7.654303373503,7.688171972501,7.722040571499,
    7.755909170497,7.789777769495,7.823646368492,7.85751496749,
    7.891383566488,7.925252165486,7.959120764484,7.992989363481,
    8.026857962479,8.060726561477,8.094595160475,8.128463759473,
    8.16233235847,8.196200957468,8.230069556466,8.263938155464,
    8.297806754462,8.331675353459,8.365543952457,8.399412551455,
    8.433281150453,8.467149749451,8.501018348448,8.534886947446,
    8.568755546444,8.602624145442,8.63649274444,8.670361343437,
    8.704229942435,8.738098541433,8.771967140431,8.805835739429,
    8.839704338426,8.873572937424,8.907441536422,8.94131013542,
    8.975178734418,9.009047333415,9.042915932413,9.076784531411,
    9.110653130409,9.144521729407,9.178390328405,9.212258927402,
    9.2461275264,9.279996125398,9.313864724396,9.347733323394,
    9.381601922391,9.415470521389,9.449339120387,9.483207719385,
    9.517076318383,9.55094491738,9.584813516378,9.618682115376,
    9.652550714374,9.686419313372,9.720287912369,9.754156511367,
    9.788025110365,9.821893709363,9.855762308361,9.889630907358,
    9.923499506356,9.957368105354,9.991236704352,10.02510530335,
    10.058973902347,10.092842501345,10.126711100343,10.160579699341,
    10.194448298339,10.228316897336,10.262185496334,10.296054095332,
    10.32992269433,10.363791293328,10.397659892325,10.431528491323,
    10.465397090321,10.499265689319,10.533134288317,10.567002887314,
    10.600871486312,10.63474008531,10.668608684308,10.702477283306,
    10.736345882303,10.770214481301,10.804083080299,10.837951679297,
    10.871820278295,10.905688877292,10.93955747629,10.973426075288,
    11.007294674286,11.041163273284,11.075031872281,11.108900471279,
    11.142769070277,11.176637669275,11.210506268273,11.24437486727,
    11.278243466268,11.312112065266,11.345980664264,11.379849263262,
    11.413717862259,11.447586461257,11.481455060255,11.515323659253,
    11.549192258251,11.583060857248,11.616929456246,11.650798055244,
    11.684666654242,11.71853525324,11.752403852238,11.786272451235,
    11.820141050233,11.854009649231,11.887878248229,11.921746847227,
    11.955615446224,11.989484045222,12.02335264422,12.057221243218,
    12.091089842216,12.124958441213,12.158827040211,12.192695639209,
    12.226564238207,12.260432837205,12.294301436202,12.3281700352,
    12.362038634198,12.395907233196,12.429775832194,12.463644431191,
    12.497513030189,12.531381629187,12.565250228185,12.599118827183,
    12.63298742618,12.666856025178,12.700724624176,12.734593223174,
    12.768461822172,12.802330421169,12.836199020167,12.870067619165,
    12.903936218163,12.937804817161,12.971673416158,13.005542015156,
    13.039410614154,13.073279213152,13.10714781215,13.141016411147,
    13.174885010145,13.208753609143,13.242622208141,13.276490807139,
    13.310359406136,13.344228005134,13.378096604132,13.41196520313),
  .QUASI_UNIFORM_KNOTS.);
#1329 = CARTESIAN_POINT('',(-1.343903524036,-26.02398712059));
#1330 = CARTESIAN_POINT('',(-1.341521904367,-26.02289951874));
#1331 = CARTESIAN_POINT('',(-1.336760406672,-26.02083549069));
#1332 = CARTESIAN_POINT('',(-1.329623209452,-26.01805120522));
#1333 = CARTESIAN_POINT('',(-1.322490886027,-26.01555658389));
#1334 = CARTESIAN_POINT('',(-1.315363260606,-26.01333066155));
#1335 = CARTESIAN_POINT('',(-1.308240157131,-26.01135321196));
#1336 = CARTESIAN_POINT('',(-1.301121399179,-26.0096048519));
#1337 = CARTESIAN_POINT('',(-1.294006809902,-26.00806701317));
#1338 = CARTESIAN_POINT('',(-1.286896211924,-26.00672195045));
#1339 = CARTESIAN_POINT('',(-1.279789427383,-26.00555273796));
#1340 = CARTESIAN_POINT('',(-1.272686277414,-26.00454327481));
#1341 = CARTESIAN_POINT('',(-1.265586583765,-26.00367826712));
#1342 = CARTESIAN_POINT('',(-1.258490171383,-26.00294313304));
#1343 = CARTESIAN_POINT('',(-1.251396859913,-26.00232414998));
#1344 = CARTESIAN_POINT('',(-1.244306470983,-26.00180835519));
#1345 = CARTESIAN_POINT('',(-1.237218826343,-26.00138356716));
#1346 = CARTESIAN_POINT('',(-1.230133748271,-26.0010383773));
#1347 = CARTESIAN_POINT('',(-1.223051059378,-26.00076214958));
#1348 = CARTESIAN_POINT('',(-1.215970582566,-26.000545018));
#1349 = CARTESIAN_POINT('',(-1.20889214095,-26.00037788468));
#1350 = CARTESIAN_POINT('',(-1.20181555779,-26.00025241778));
#1351 = CARTESIAN_POINT('',(-1.194740656418,-26.00016104942));
#1352 = CARTESIAN_POINT('',(-1.187667260167,-26.00009697366));
#1353 = CARTESIAN_POINT('',(-1.180595192301,-26.00005414446));
#1354 = CARTESIAN_POINT('',(-1.173524275942,-26.00002727357));
#1355 = CARTESIAN_POINT('',(-1.166454334007,-26.00001182854));
#1356 = CARTESIAN_POINT('',(-1.159385189109,-26.00000403061));
#1357 = CARTESIAN_POINT('',(-1.152316663587,-26.00000085279));
#1358 = CARTESIAN_POINT('',(-1.145248579075,-26.00000001731));
#1359 = CARTESIAN_POINT('',(-1.138180757765,-25.99999999541));
#1360 = CARTESIAN_POINT('',(-1.131113017377,-25.99999999855));
#1361 = CARTESIAN_POINT('',(-1.124045204868,-26.00000000546));
#1362 = CARTESIAN_POINT('',(-1.116977138792,-26.00000076704));
#1363 = CARTESIAN_POINT('',(-1.109908641015,-26.0000037736));
#1364 = CARTESIAN_POINT('',(-1.102839533168,-26.00001126435));
#1365 = CARTESIAN_POINT('',(-1.095769637512,-26.00002622748));
#1366 = CARTESIAN_POINT('',(-1.088698776618,-26.00005240279));
#1367 = CARTESIAN_POINT('',(-1.081626773361,-26.00009428361));
#1368 = CARTESIAN_POINT('',(-1.074553450834,-26.00015711887));
#1369 = CARTESIAN_POINT('',(-1.067478632282,-26.00024691523));
#1370 = CARTESIAN_POINT('',(-1.060402141029,-26.0003704391));
#1371 = CARTESIAN_POINT('',(-1.053323800409,-26.00053521874));
#1372 = CARTESIAN_POINT('',(-1.046243433691,-26.0007495463));
#1373 = CARTESIAN_POINT('',(-1.039160864014,-26.00102247994));
#1374 = CARTESIAN_POINT('',(-1.032075914309,-26.00136384589));
#1375 = CARTESIAN_POINT('',(-1.02498840723,-26.00178424041));
#1376 = CARTESIAN_POINT('',(-1.0178981651,-26.00229503226));
#1377 = CARTESIAN_POINT('',(-1.010805009753,-26.00290836342));
#1378 = CARTESIAN_POINT('',(-1.003708762806,-26.00363715617));
#1379 = CARTESIAN_POINT('',(-0.996609244289,-26.00449509632));
#1380 = CARTESIAN_POINT('',(-0.989506277444,-26.00549670585));
#1381 = CARTESIAN_POINT('',(-0.982399685817,-26.00665726515));
#1382 = CARTESIAN_POINT('',(-0.97528928994,-26.00799282176));
#1383 = CARTESIAN_POINT('',(-0.968174911991,-26.00952025934));
#1384 = CARTESIAN_POINT('',(-0.961056374579,-26.01125727915));
#1385 = CARTESIAN_POINT('',(-0.953933500521,-26.01322240519));
#1386 = CARTESIAN_POINT('',(-0.946806114505,-26.01543498211));
#1387 = CARTESIAN_POINT('',(-0.939674036232,-26.01791517846));
#1388 = CARTESIAN_POINT('',(-0.93253710574,-26.02068397578));
#1389 = CARTESIAN_POINT('',(-0.925395088513,-26.0237632089));
#1390 = CARTESIAN_POINT('',(-0.918248029278,-26.02717541579));
#1391 = CARTESIAN_POINT('',(-0.911094641409,-26.03094477419));
#1392 = CARTESIAN_POINT('',(-0.903934682404,-26.03509588788));
#1393 = CARTESIAN_POINT('',(-0.89676802115,-26.03965420017));
#1394 = CARTESIAN_POINT('',(-0.889594505133,-26.04464607349));
#1395 = CARTESIAN_POINT('',(-0.882413996158,-26.05009877932));
#1396 = CARTESIAN_POINT('',(-0.875226360928,-26.05604051254));
#1397 = CARTESIAN_POINT('',(-0.86803147372,-26.06250039975));
#1398 = CARTESIAN_POINT('',(-0.860829215829,-26.0695085097));
#1399 = CARTESIAN_POINT('',(-0.853619475877,-26.07709586354));
#1400 = CARTESIAN_POINT('',(-0.846402149906,-26.08529444562));
#1401 = CARTESIAN_POINT('',(-0.839177141534,-26.09413721456));
#1402 = CARTESIAN_POINT('',(-0.831944362097,-26.10365811466));
#1403 = CARTESIAN_POINT('',(-0.824703730813,-26.11389208772));
#1404 = CARTESIAN_POINT('',(-0.817455174942,-26.12487508511));
#1405 = CARTESIAN_POINT('',(-0.810198629958,-26.13664408026));
#1406 = CARTESIAN_POINT('',(-0.802934039734,-26.14923708145));
#1407 = CARTESIAN_POINT('',(-0.795661356731,-26.16269314501));
#1408 = CARTESIAN_POINT('',(-0.788380542198,-26.1770523888));
#1409 = CARTESIAN_POINT('',(-0.781091566382,-26.19235600615));
#1410 = CARTESIAN_POINT('',(-0.773794408752,-26.20864628012));
#1411 = CARTESIAN_POINT('',(-0.766489058229,-26.22596659817));
#1412 = CARTESIAN_POINT('',(-0.759175513436,-26.24436146725));
#1413 = CARTESIAN_POINT('',(-0.751853782952,-26.26387652928));
#1414 = CARTESIAN_POINT('',(-0.744523885586,-26.28455857711));
#1415 = CARTESIAN_POINT('',(-0.737185850664,-26.30645557091));
#1416 = CARTESIAN_POINT('',(-0.72983971833,-26.32961665502));
#1417 = CARTESIAN_POINT('',(-0.722485539861,-26.35409217533));
#1418 = CARTESIAN_POINT('',(-0.715123378008,-26.37993369718));
#1419 = CARTESIAN_POINT('',(-0.707753307341,-26.40719402379));
#1420 = CARTESIAN_POINT('',(-0.700375414622,-26.43592721524));
#1421 = CARTESIAN_POINT('',(-0.6929897992,-26.46618860812));
#1422 = CARTESIAN_POINT('',(-0.685596573414,-26.49803483573));
#1423 = CARTESIAN_POINT('',(-0.678195863033,-26.53152384898));
#1424 = CARTESIAN_POINT('',(-0.670787807706,-26.56671493801));
#1425 = CARTESIAN_POINT('',(-0.663372561446,-26.60366875447));
#1426 = CARTESIAN_POINT('',(-0.655950293133,-26.64244733462));
#1427 = CARTESIAN_POINT('',(-0.648521187044,-26.68311412319));
#1428 = CARTESIAN_POINT('',(-0.641085443417,-26.72573399813));
#1429 = CARTESIAN_POINT('',(-0.633643279031,-26.7703732962));
#1430 = CARTESIAN_POINT('',(-0.626194927836,-26.81709983949));
#1431 = CARTESIAN_POINT('',(-0.618740641595,-26.8659829629));
#1432 = CARTESIAN_POINT('',(-0.611280690572,-26.91709354269));
#1433 = CARTESIAN_POINT('',(-0.603815364254,-26.97050402599));
#1434 = CARTESIAN_POINT('',(-0.596344972107,-27.02628846151));
#1435 = CARTESIAN_POINT('',(-0.588869844368,-27.08452253136));
#1436 = CARTESIAN_POINT('',(-0.581390332885,-27.1452835841));
#1437 = CARTESIAN_POINT('',(-0.573906812005,-27.20865066897));
#1438 = CARTESIAN_POINT('',(-0.566419679445,-27.27470457196));
#1439 = CARTESIAN_POINT('',(-0.558929357447,-27.34352785097));
#1440 = CARTESIAN_POINT('',(-0.551436293109,-27.41520488121));
#1441 = CARTESIAN_POINT('',(-0.543940962014,-27.48982186925));
#1442 = CARTESIAN_POINT('',(-0.536443859777,-27.56746699091));
#1443 = CARTESIAN_POINT('',(-0.528945538945,-27.64823007478));
#1444 = CARTESIAN_POINT('',(-0.521446476895,-27.7322039889));
#1445 = CARTESIAN_POINT('',(-0.51394757473,-27.81947967942));
#1446 = CARTESIAN_POINT('',(-0.506453510152,-27.91010305077));
#1447 = CARTESIAN_POINT('',(-0.498965583481,-28.0041577858));
#1448 = CARTESIAN_POINT('',(-0.491485833369,-28.10171921146));
#1449 = CARTESIAN_POINT('',(-0.484016091925,-28.20286485474));
#1450 = CARTESIAN_POINT('',(-0.476558239033,-28.30767160301));
#1451 = CARTESIAN_POINT('',(-0.469114135315,-28.41621645385));
#1452 = CARTESIAN_POINT('',(-0.461685641222,-28.52857630255));
#1453 = CARTESIAN_POINT('',(-0.454274612879,-28.64482798938));
#1454 = CARTESIAN_POINT('',(-0.446882904682,-28.76504827016));
#1455 = CARTESIAN_POINT('',(-0.439512368038,-28.88931383377));
#1456 = CARTESIAN_POINT('',(-0.4321648587,-29.0177012088));
#1457 = CARTESIAN_POINT('',(-0.424842213456,-29.15028706641));
#1458 = CARTESIAN_POINT('',(-0.417546340717,-29.28714704948));
#1459 = CARTESIAN_POINT('',(-0.410281087133,-29.42831828436));
#1460 = CARTESIAN_POINT('',(-0.403049149211,-29.57385551233));
#1461 = CARTESIAN_POINT('',(-0.395853430584,-29.72380677681));
#1462 = CARTESIAN_POINT('',(-0.388696737414,-29.87821881949));
#1463 = CARTESIAN_POINT('',(-0.381581857524,-30.03713563893));
#1464 = CARTESIAN_POINT('',(-0.374511549623,-30.20059866514));
#1465 = CARTESIAN_POINT('',(-0.367488507982,-30.36864730822));
#1466 = CARTESIAN_POINT('',(-0.36051489999,-30.54133137892));
#1467 = CARTESIAN_POINT('',(-0.353594526794,-30.71865660607));
#1468 = CARTESIAN_POINT('',(-0.346730841658,-30.90063024011));
#1469 = CARTESIAN_POINT('',(-0.339927304502,-31.08725289128));
#1470 = CARTESIAN_POINT('',(-0.333187288217,-31.27852058956));
#1471 = CARTESIAN_POINT('',(-0.326514104914,-31.47442410547));
#1472 = CARTESIAN_POINT('',(-0.319910999855,-31.67494900558));
#1473 = CARTESIAN_POINT('',(-0.313381153937,-31.88007550847));
#1474 = CARTESIAN_POINT('',(-0.30692768348,-32.08977840411));
#1475 = CARTESIAN_POINT('',(-0.300553641478,-32.30402691895));
#1476 = CARTESIAN_POINT('',(-0.294262014914,-32.52278473507));
#1477 = CARTESIAN_POINT('',(-0.288055735611,-32.74600944718));
#1478 = CARTESIAN_POINT('',(-0.281937640117,-32.97365411411));
#1479 = CARTESIAN_POINT('',(-0.275910619188,-33.20566099456));
#1480 = CARTESIAN_POINT('',(-0.269977059127,-33.4419844515));
#1481 = CARTESIAN_POINT('',(-0.264141177623,-33.68249477021));
#1482 = CARTESIAN_POINT('',(-0.258405499005,-33.92711664101));
#1483 = CARTESIAN_POINT('',(-0.252772140542,-34.17578450113));
#1484 = CARTESIAN_POINT('',(-0.247243257634,-34.42842344135));
#1485 = CARTESIAN_POINT('',(-0.241820921884,-34.68495429941));
#1486 = CARTESIAN_POINT('',(-0.236507151017,-34.94529227223));
#1487 = CARTESIAN_POINT('',(-0.231303897992,-35.20934726633));
#1488 = CARTESIAN_POINT('',(-0.226213051031,-35.47702377642));
#1489 = CARTESIAN_POINT('',(-0.221236430307,-35.74822091318));
#1490 = CARTESIAN_POINT('',(-0.216375786639,-36.02283230622));
#1491 = CARTESIAN_POINT('',(-0.211632795069,-36.300746357));
#1492 = CARTESIAN_POINT('',(-0.207009066508,-36.58184521681));
#1493 = CARTESIAN_POINT('',(-0.202506091836,-36.8660085144));
#1494 = CARTESIAN_POINT('',(-0.198125437761,-37.15309936022));
#1495 = CARTESIAN_POINT('',(-0.193867349817,-37.44306006131));
#1496 = CARTESIAN_POINT('',(-0.189732646957,-37.7357927816));
#1497 = CARTESIAN_POINT('',(-0.185722058755,-38.031199668));
#1498 = CARTESIAN_POINT('',(-0.181836288406,-38.32917932786));
#1499 = CARTESIAN_POINT('',(-0.17807599373,-38.629627782));
#1500 = CARTESIAN_POINT('',(-0.174441790463,-38.93243815814));
#1501 = CARTESIAN_POINT('',(-0.170934248409,-39.23750094705));
#1502 = CARTESIAN_POINT('',(-0.16755389385,-39.54470326745));
#1503 = CARTESIAN_POINT('',(-0.164300919135,-39.853956982));
#1504 = CARTESIAN_POINT('',(-0.161175502765,-40.16517294415));
#1505 = CARTESIAN_POINT('',(-0.158177805677,-40.47826086161));
#1506 = CARTESIAN_POINT('',(-0.155307970871,-40.79312935219));
#1507 = CARTESIAN_POINT('',(-0.152566122485,-41.10968589895));
#1508 = CARTESIAN_POINT('',(-0.149952364314,-41.42783697662));
#1509 = CARTESIAN_POINT('',(-0.147466781255,-41.74748759394));
#1510 = CARTESIAN_POINT('',(-0.145109429764,-42.06854300082));
#1511 = CARTESIAN_POINT('',(-0.142880441639,-42.39089216138));
#1512 = CARTESIAN_POINT('',(-0.140779630477,-42.71446575447));
#1513 = CARTESIAN_POINT('',(-0.138806860086,-43.0391895061));
#1514 = CARTESIAN_POINT('',(-0.136961992708,-43.36499040752));
#1515 = CARTESIAN_POINT('',(-0.135244902352,-43.69179505546));
#1516 = CARTESIAN_POINT('',(-0.133655470717,-44.01953010329));
#1517 = CARTESIAN_POINT('',(-0.132193587814,-44.34812214645));
#1518 = CARTESIAN_POINT('',(-0.130859151368,-44.67749775954));
#1519 = CARTESIAN_POINT('',(-0.129652066576,-45.0075834928));
#1520 = CARTESIAN_POINT('',(-0.128572245811,-45.33830587911));
#1521 = CARTESIAN_POINT('',(-0.127619608366,-45.66959143973));
#1522 = CARTESIAN_POINT('',(-0.12679408023,-46.00136668448));
#1523 = CARTESIAN_POINT('',(-0.126095593882,-46.33355813524));
#1524 = CARTESIAN_POINT('',(-0.125524088115,-46.66609226184));
#1525 = CARTESIAN_POINT('',(-0.125079507883,-46.99889574528));
#1526 = CARTESIAN_POINT('',(-0.124761804185,-47.33189451878));
#1527 = CARTESIAN_POINT('',(-0.124570933941,-47.6650173705));
#1528 = CARTESIAN_POINT('',(-0.124506859998,-47.9981825217));
#1529 = CARTESIAN_POINT('',(-0.124569550775,-48.33134774128));
#1530 = CARTESIAN_POINT('',(-0.124759037691,-48.66447195459));
#1531 = CARTESIAN_POINT('',(-0.125075358168,-48.99747302508));
#1532 = CARTESIAN_POINT('',(-0.125518555368,-49.33027978755));
#1533 = CARTESIAN_POINT('',(-0.12608867835,-49.66281811356));
#1534 = CARTESIAN_POINT('',(-0.126785782147,-49.99501465165));
#1535 = CARTESIAN_POINT('',(-0.127609927898,-50.32679583162));
#1536 = CARTESIAN_POINT('',(-0.128561183,-50.65808813779));
#1537 = CARTESIAN_POINT('',(-0.12963962128,-50.98881804231));
#1538 = CARTESIAN_POINT('',(-0.130845323201,-51.3189120294));
#1539 = CARTESIAN_POINT('',(-0.132178376094,-51.64829659557));
#1540 = CARTESIAN_POINT('',(-0.133638874403,-51.97689825524));
#1541 = CARTESIAN_POINT('',(-0.135226919994,-52.30464354864));
#1542 = CARTESIAN_POINT('',(-0.136942622373,-52.63145903539));
#1543 = CARTESIAN_POINT('',(-0.138786099367,-52.95727134297));
#1544 = CARTESIAN_POINT('',(-0.140757476196,-53.28200700986));
#1545 = CARTESIAN_POINT('',(-0.142856890684,-53.60559309526));
#1546 = CARTESIAN_POINT('',(-0.145084475711,-53.92795492788));
#1547 = CARTESIAN_POINT('',(-0.147440426719,-54.24902453173));
#1548 = CARTESIAN_POINT('',(-0.149924618234,-54.56869149008));
#1549 = CARTESIAN_POINT('',(-0.152536984288,-54.88685971558));
#1550 = CARTESIAN_POINT('',(-0.155277443228,-55.20343459662));
#1551 = CARTESIAN_POINT('',(-0.158145891138,-55.51832252621));
#1552 = CARTESIAN_POINT('',(-0.16114220467,-55.83143102435));
#1553 = CARTESIAN_POINT('',(-0.164266241528,-56.1426687226));
#1554 = CARTESIAN_POINT('',(-0.167517841088,-56.45194530627));
#1555 = CARTESIAN_POINT('',(-0.170896827001,-56.75917176393));
#1556 = CARTESIAN_POINT('',(-0.174403002998,-57.06425955303));
#1557 = CARTESIAN_POINT('',(-0.17803583904,-57.36709546254));
#1558 = CARTESIAN_POINT('',(-0.181794769249,-57.66757030306));
#1559 = CARTESIAN_POINT('',(-0.185679180126,-57.96557733842));
#1560 = CARTESIAN_POINT('',(-0.189688416435,-58.26101273454));
#1561 = CARTESIAN_POINT('',(-0.193821779105,-58.5537753156));
#1562 = CARTESIAN_POINT('',(-0.198078537408,-58.84376707369));
#1563 = CARTESIAN_POINT('',(-0.202457891989,-59.13089135753));
#1564 = CARTESIAN_POINT('',(-0.206959592922,-59.41508998917));
#1565 = CARTESIAN_POINT('',(-0.211582058491,-59.69622501836));
#1566 = CARTESIAN_POINT('',(-0.216323802772,-59.97417630615));
#1567 = CARTESIAN_POINT('',(-0.221183214442,-60.24882588944));
#1568 = CARTESIAN_POINT('',(-0.226158619467,-60.52006214785));
#1569 = CARTESIAN_POINT('',(-0.231248267641,-60.78777866425));
#1570 = CARTESIAN_POINT('',(-0.236450339477,-61.05187450825));
#1571 = CARTESIAN_POINT('',(-0.241762947466,-61.31225413412));
#1572 = CARTESIAN_POINT('',(-0.247184139107,-61.56882739813));
#1573 = CARTESIAN_POINT('',(-0.252711898055,-61.8215094837));
#1574 = CARTESIAN_POINT('',(-0.258344150592,-62.070221076));
#1575 = CARTESIAN_POINT('',(-0.264078752204,-62.31488763073));
#1576 = CARTESIAN_POINT('',(-0.269913547936,-62.55544201701));
#1577 = CARTESIAN_POINT('',(-0.275846157022,-62.79181456942));
#1578 = CARTESIAN_POINT('',(-0.281872237258,-63.02387025666));
#1579 = CARTESIAN_POINT('',(-0.287989396897,-63.25156330597));
#1580 = CARTESIAN_POINT('',(-0.294194752242,-63.47483622057));
#1581 = CARTESIAN_POINT('',(-0.30048547091,-63.69364218748));
#1582 = CARTESIAN_POINT('',(-0.306858626469,-63.90793894621));
#1583 = CARTESIAN_POINT('',(-0.313311237431,-64.11769030464));
#1584 = CARTESIAN_POINT('',(-0.319840256691,-64.32286560546));
#1585 = CARTESIAN_POINT('',(-0.326442574134,-64.52343974292));
#1586 = CARTESIAN_POINT('',(-0.333115015359,-64.71939302779));
#1587 = CARTESIAN_POINT('',(-0.339854341994,-64.91071110935));
#1588 = CARTESIAN_POINT('',(-0.346657248799,-65.09738482096));
#1589 = CARTESIAN_POINT('',(-0.353520371235,-65.27941027417));
#1590 = CARTESIAN_POINT('',(-0.360440253582,-65.4567880353));
#1591 = CARTESIAN_POINT('',(-0.367413463619,-65.62952572341));
#1592 = CARTESIAN_POINT('',(-0.374436159712,-65.79762784033));
#1593 = CARTESIAN_POINT('',(-0.381505922193,-65.96113845869));
#1594 = CARTESIAN_POINT('',(-0.388620282343,-66.12010248609));
#1595 = CARTESIAN_POINT('',(-0.395776447255,-66.27456053959));
#1596 = CARTESIAN_POINT('',(-0.402971664575,-66.42455741776));
#1597 = CARTESIAN_POINT('',(-0.410203148753,-66.57014022703));
#1598 = CARTESIAN_POINT('',(-0.417468010527,-66.71135721195));
#1599 = CARTESIAN_POINT('',(-0.424763611557,-66.84826411569));
#1600 = CARTESIAN_POINT('',(-0.432086202872,-66.98089949689));
#1601 = CARTESIAN_POINT('',(-0.439433392839,-67.10933037244));
#1602 = CARTESIAN_POINT('',(-0.446803515739,-67.23363683449));
#1603 = CARTESIAN_POINT('',(-0.454194713214,-67.35389551775));
#1604 = CARTESIAN_POINT('',(-0.461605179405,-67.47018401939));
#1605 = CARTESIAN_POINT('',(-0.46903309424,-67.58257970458));
#1606 = CARTESIAN_POINT('',(-0.476476640318,-67.69116001701));
#1607 = CARTESIAN_POINT('',(-0.483933997184,-67.79600238383));
#1608 = CARTESIAN_POINT('',(-0.491403342345,-67.89718423788));
#1609 = CARTESIAN_POINT('',(-0.498882847845,-67.99478297632));
#1610 = CARTESIAN_POINT('',(-0.506370687768,-68.08887605654));
#1611 = CARTESIAN_POINT('',(-0.513865006401,-68.17954060625));
#1612 = CARTESIAN_POINT('',(-0.521364032742,-68.26685483991));
#1613 = CARTESIAN_POINT('',(-0.528865648888,-68.35089273535));
#1614 = CARTESIAN_POINT('',(-0.536365883397,-68.43170951398));
#1615 = CARTESIAN_POINT('',(-0.543864831453,-68.50940519559));
#1616 = CARTESIAN_POINT('',(-0.551361795753,-68.58406819636));
#1617 = CARTESIAN_POINT('',(-0.558856328447,-68.65578754244));
#1618 = CARTESIAN_POINT('',(-0.566347950421,-68.72464965349));
#1619 = CARTESIAN_POINT('',(-0.573836225064,-68.79073925866));
#1620 = CARTESIAN_POINT('',(-0.581320737116,-68.85413920324));
#1621 = CARTESIAN_POINT('',(-0.588801097007,-68.91493055074));
#1622 = CARTESIAN_POINT('',(-0.596276938435,-68.97319260394));
#1623 = CARTESIAN_POINT('',(-0.603747917814,-69.02900294593));
#1624 = CARTESIAN_POINT('',(-0.611213713273,-69.08243747409));
#1625 = CARTESIAN_POINT('',(-0.618674023831,-69.13357043436));
#1626 = CARTESIAN_POINT('',(-0.626128568579,-69.18247445388));
#1627 = CARTESIAN_POINT('',(-0.633577085909,-69.22922057256));
#1628 = CARTESIAN_POINT('',(-0.641019332777,-69.27387827354));
#1629 = CARTESIAN_POINT('',(-0.648455084001,-69.31651551254));
#1630 = CARTESIAN_POINT('',(-0.655884131594,-69.35719874621));
#1631 = CARTESIAN_POINT('',(-0.663306284133,-69.39599295953));
#1632 = CARTESIAN_POINT('',(-0.670721366151,-69.4329616922));
#1633 = CARTESIAN_POINT('',(-0.678129217564,-69.46816706418));
#1634 = CARTESIAN_POINT('',(-0.685529693125,-69.50166980036));
#1635 = CARTESIAN_POINT('',(-0.692922661906,-69.5335292544));
#1636 = CARTESIAN_POINT('',(-0.7003080068,-69.56380343181));
#1637 = CARTESIAN_POINT('',(-0.707685624054,-69.59254901221));
#1638 = CARTESIAN_POINT('',(-0.715055422821,-69.61982137098));
#1639 = CARTESIAN_POINT('',(-0.722417324737,-69.64567460011));
#1640 = CARTESIAN_POINT('',(-0.729771263515,-69.67016152847));
#1641 = CARTESIAN_POINT('',(-0.73711718456,-69.69333374145));
#1642 = CARTESIAN_POINT('',(-0.744455044607,-69.71524159994));
#1643 = CARTESIAN_POINT('',(-0.751784811375,-69.7359342588));
#1644 = CARTESIAN_POINT('',(-0.759106463229,-69.75545968477));
#1645 = CARTESIAN_POINT('',(-0.766419988878,-69.77386467382));
#1646 = CARTESIAN_POINT('',(-0.773725387065,-69.79119486803));
#1647 = CARTESIAN_POINT('',(-0.781022666294,-69.807494772));
#1648 = CARTESIAN_POINT('',(-0.788311844551,-69.82280776874));
#1649 = CARTESIAN_POINT('',(-0.795592949054,-69.83717613516));
#1650 = CARTESIAN_POINT('',(-0.802866016008,-69.85064105713));
#1651 = CARTESIAN_POINT('',(-0.810131090373,-69.86324264411));
#1652 = CARTESIAN_POINT('',(-0.817388225639,-69.87501994335));
#1653 = CARTESIAN_POINT('',(-0.824637483625,-69.88601095376));
#1654 = CARTESIAN_POINT('',(-0.831878934273,-69.89625263935));
#1655 = CARTESIAN_POINT('',(-0.839112655459,-69.90578094233));
#1656 = CARTESIAN_POINT('',(-0.846338732816,-69.9146307958));
#1657 = CARTESIAN_POINT('',(-0.853557259556,-69.92283613616));
#1658 = CARTESIAN_POINT('',(-0.860768336313,-69.93042991508));
#1659 = CARTESIAN_POINT('',(-0.867972070981,-69.93744411117));
#1660 = CARTESIAN_POINT('',(-0.87516857857,-69.9439097413));
#1661 = CARTESIAN_POINT('',(-0.882357981057,-69.94985687154));
#1662 = CARTESIAN_POINT('',(-0.889540407273,-69.95531462778));
#1663 = CARTESIAN_POINT('',(-0.896715992687,-69.96031120599));
#1664 = CARTESIAN_POINT('',(-0.903884879615,-69.96487388217));
#1665 = CARTESIAN_POINT('',(-0.911047215839,-69.96902902153));
#1666 = CARTESIAN_POINT('',(-0.918203159218,-69.97280208923));
#1667 = CARTESIAN_POINT('',(-0.925352859941,-69.97621765307));
#1668 = CARTESIAN_POINT('',(-0.932496526238,-69.9792994149));
#1669 = CARTESIAN_POINT('',(-0.939634178643,-69.98207013252));
#1670 = CARTESIAN_POINT('',(-0.946766981392,-69.98455211548));
#1671 = CARTESIAN_POINT('',(-0.953895088317,-69.9867663284));
#1672 = CARTESIAN_POINT('',(-0.961018681674,-69.98873294492));
#1673 = CARTESIAN_POINT('',(-0.968137936534,-69.99047130918));
#1674 = CARTESIAN_POINT('',(-0.97525303043,-69.99199994584));
#1675 = CARTESIAN_POINT('',(-0.982364140832,-69.99333655866));
#1676 = CARTESIAN_POINT('',(-0.989471446041,-69.99449802602));
#1677 = CARTESIAN_POINT('',(-0.996575125614,-69.99550044945));
#1678 = CARTESIAN_POINT('',(-1.003675357336,-69.99635912057));
#1679 = CARTESIAN_POINT('',(-1.010772319146,-69.99708854069));
#1680 = CARTESIAN_POINT('',(-1.017866188763,-69.99770242276));
#1681 = CARTESIAN_POINT('',(-1.024957143805,-69.99821369591));
#1682 = CARTESIAN_POINT('',(-1.032045361772,-69.99863450915));
#1683 = CARTESIAN_POINT('',(-1.039131020071,-69.99897623485));
#1684 = CARTESIAN_POINT('',(-1.046214296025,-69.99924947209));
#1685 = CARTESIAN_POINT('',(-1.053295366889,-69.99946404964));
#1686 = CARTESIAN_POINT('',(-1.06037440986,-69.99962902876));
#1687 = CARTESIAN_POINT('',(-1.067451602095,-69.9997527058));
#1688 = CARTESIAN_POINT('',(-1.07452712072,-69.99984261443));
#1689 = CARTESIAN_POINT('',(-1.081601142844,-69.99990552776));
#1690 = CARTESIAN_POINT('',(-1.088673845574,-69.99994746016));
#1691 = CARTESIAN_POINT('',(-1.095745406026,-69.99997366881));
#1692 = CARTESIAN_POINT('',(-1.102816001337,-69.99998865503));
#1693 = CARTESIAN_POINT('',(-1.109885808689,-69.99999616541));
#1694 = CARTESIAN_POINT('',(-1.116955005277,-69.99999919263));
#1695 = CARTESIAN_POINT('',(-1.12402376848,-69.99999997605));
#1696 = CARTESIAN_POINT('',(-1.1310922753,-70.00000000223));
#1697 = CARTESIAN_POINT('',(-1.138160704513,-70.00000000429));
#1698 = CARTESIAN_POINT('',(-1.145229216014,-69.99999998027));
#1699 = CARTESIAN_POINT('',(-1.152297991079,-69.99999914503));
#1700 = CARTESIAN_POINT('',(-1.159367207518,-69.99999597283));
#1701 = CARTESIAN_POINT('',(-1.166437043462,-69.99998818788));
#1702 = CARTESIAN_POINT('',(-1.173507676445,-69.99997276447));
#1703 = CARTESIAN_POINT('',(-1.180579283733,-69.99994592438));
#1704 = CARTESIAN_POINT('',(-1.187652042327,-69.99990313515));
#1705 = CARTESIAN_POINT('',(-1.194726129053,-69.99983910803));
#1706 = CARTESIAN_POINT('',(-1.201801720626,-69.99974779606));
#1707 = CARTESIAN_POINT('',(-1.208878993724,-69.99962239214));
#1708 = CARTESIAN_POINT('',(-1.215958125057,-69.99945532699));
#1709 = CARTESIAN_POINT('',(-1.223039291441,-69.9992382673));
#1710 = CARTESIAN_POINT('',(-1.230122669864,-69.99896211369));
#1711 = CARTESIAN_POINT('',(-1.23720843757,-69.99861699882));
#1712 = CARTESIAN_POINT('',(-1.244296772094,-69.99819228536));
#1713 = CARTESIAN_POINT('',(-1.251387851449,-69.9976765642));
#1714 = CARTESIAN_POINT('',(-1.258481853793,-69.99705765192));
#1715 = CARTESIAN_POINT('',(-1.265578958983,-69.99632259103));
#1716 = CARTESIAN_POINT('',(-1.272679343125,-69.99545763974));
#1717 = CARTESIAN_POINT('',(-1.279783182278,-69.99444824933));
#1718 = CARTESIAN_POINT('',(-1.286890657204,-69.99327908999));
#1719 = CARTESIAN_POINT('',(-1.294001946371,-69.99193403351));
#1720 = CARTESIAN_POINT('',(-1.301117227917,-69.99039614955));
#1721 = CARTESIAN_POINT('',(-1.30823667921,-69.98864769895));
#1722 = CARTESIAN_POINT('',(-1.315360477058,-69.98667012536));
#1723 = CARTESIAN_POINT('',(-1.322488797743,-69.98444405646));
#1724 = CARTESIAN_POINT('',(-1.329621817095,-69.98194926869));
#1725 = CARTESIAN_POINT('',(-1.336759710591,-69.97916478813));
#1726 = CARTESIAN_POINT('',(-1.341521672398,-69.97710058505));
#1727 = CARTESIAN_POINT('',(-1.343903524036,-69.9760128794));
#1728 = ( GEOMETRIC_REPRESENTATION_CONTEXT(2) 
PARAMETRIC_REPRESENTATION_CONTEXT() REPRESENTATION_CONTEXT('2D SPACE',''
  ) );
#1729 = PCURVE('',#181,#1730);
#1730 = DEFINITIONAL_REPRESENTATION('',(#1731),#2131);
#1731 = B_SPLINE_CURVE_WITH_KNOTS('',3,(#1732,#1733,#1734,#1735,#1736,
    #1737,#1738,#1739,#1740,#1741,#1742,#1743,#1744,#1745,#1746,#1747,
    #1748,#1749,#1750,#1751,#1752,#1753,#1754,#1755,#1756,#1757,#1758,
    #1759,#1760,#1761,#1762,#1763,#1764,#1765,#1766,#1767,#1768,#1769,
    #1770,#1771,#1772,#1773,#1774,#1775,#1776,#1777,#1778,#1779,#1780,
    #1781,#1782,#1783,#1784,#1785,#1786,#1787,#1788,#1789,#1790,#1791,
    #1792,#1793,#1794,#1795,#1796,#1797,#1798,#1799,#1800,#1801,#1802,
    #1803,#1804,#1805,#1806,#1807,#1808,#1809,#1810,#1811,#1812,#1813,
    #1814,#1815,#1816,#1817,#1818,#1819,#1820,#1821,#1822,#1823,#1824,
    #1825,#1826,#1827,#1828,#1829,#1830,#1831,#1832,#1833,#1834,#1835,
    #1836,#1837,#1838,#1839,#1840,#1841,#1842,#1843,#1844,#1845,#1846,
    #1847,#1848,#1849,#1850,#1851,#1852,#1853,#1854,#1855,#1856,#1857,
    #1858,#1859,#1860,#1861,#1862,#1863,#1864,#1865,#1866,#1867,#1868,
    #1869,#1870,#1871,#1872,#1873,#1874,#1875,#1876,#1877,#1878,#1879,
    #1880,#1881,#1882,#1883,#1884,#1885,#1886,#1887,#1888,#1889,#1890,
    #1891,#1892,#1893,#1894,#1895,#1896,#1897,#1898,#1899,#1900,#1901,
    #1902,#1903,#1904,#1905,#1906,#1907,#1908,#1909,#1910,#1911,#1912,
    #1913,#1914,#1915,#1916,#1917,#1918,#1919,#1920,#1921,#1922,#1923,
    #1924,#1925,#1926,#1927,#1928,#1929,#1930,#1931,#1932,#1933,#1934,
    #1935,#1936,#1937,#1938,#1939,#1940,#1941,#1942,#1943,#1944,#1945,
    #1946,#1947,#1948,#1949,#1950,#1951,#1952,#1953,#1954,#1955,#1956,
    #1957,#1958,#1959,#1960,#1961,#1962,#1963,#1964,#1965,#1966,#1967,
    #1968,#1969,#1970,#1971,#1972,#1973,#1974,#1975,#1976,#1977,#1978,
    #1979,#1980,#1981,#1982,#1983,#1984,#1985,#1986,#1987,#1988,#1989,
    #1990,#1991,#1992,#1993,#1994,#1995,#1996,#1997,#1998,#1999,#2000,
    #2001,#2002,#2003,#2004,#2005,#2006,#2007,#2008,#2009,#2010,#2011,
    #2012,#2013,#2014,#2015,#2016,#2017,#2018,#2019,#2020,#2021,#2022,
    #2023,#2024,#2025,#2026,#2027,#2028,#2029,#2030,#2031,#2032,#2033,
    #2034,#2035,#2036,#2037,#2038,#2039,#2040,#2041,#2042,#2043,#2044,
    #2045,#2046,#2047,#2048,#2049,#2050,#2051,#2052,#2053,#2054,#2055,
    #2056,#2057,#2058,#2059,#2060,#2061,#2062,#2063,#2064,#2065,#2066,
    #2067,#2068,#2069,#2070,#2071,#2072,#2073,#2074,#2075,#2076,#2077,
    #2078,#2079,#2080,#2081,#2082,#2083,#2084,#2085,#2086,#2087,#2088,
    #2089,#2090,#2091,#2092,#2093,#2094,#2095,#2096,#2097,#2098,#2099,
    #2100,#2101,#2102,#2103,#2104,#2105,#2106,#2107,#2108,#2109,#2110,
    #2111,#2112,#2113,#2114,#2115,#2116,#2117,#2118,#2119,#2120,#2121,
    #2122,#2123,#2124,#2125,#2126,#2127,#2128,#2129,#2130),
  .UNSPECIFIED.,.F.,.F.,(4,1,1,1,1,1,1,1,1,1,1,1,1,1,1,1,1,1,1,1,1,1,1,1
    ,1,1,1,1,1,1,1,1,1,1,1,1,1,1,1,1,1,1,1,1,1,1,1,1,1,1,1,1,1,1,1,1,1,1
    ,1,1,1,1,1,1,1,1,1,1,1,1,1,1,1,1,1,1,1,1,1,1,1,1,1,1,1,1,1,1,1,1,1,1
    ,1,1,1,1,1,1,1,1,1,1,1,1,1,1,1,1,1,1,1,1,1,1,1,1,1,1,1,1,1,1,1,1,1,1
    ,1,1,1,1,1,1,1,1,1,1,1,1,1,1,1,1,1,1,1,1,1,1,1,1,1,1,1,1,1,1,1,1,1,1
    ,1,1,1,1,1,1,1,1,1,1,1,1,1,1,1,1,1,1,1,1,1,1,1,1,1,1,1,1,1,1,1,1,1,1
    ,1,1,1,1,1,1,1,1,1,1,1,1,1,1,1,1,1,1,1,1,1,1,1,1,1,1,1,1,1,1,1,1,1,1
    ,1,1,1,1,1,1,1,1,1,1,1,1,1,1,1,1,1,1,1,1,1,1,1,1,1,1,1,1,1,1,1,1,1,1
    ,1,1,1,1,1,1,1,1,1,1,1,1,1,1,1,1,1,1,1,1,1,1,1,1,1,1,1,1,1,1,1,1,1,1
    ,1,1,1,1,1,1,1,1,1,1,1,1,1,1,1,1,1,1,1,1,1,1,1,1,1,1,1,1,1,1,1,1,1,1
    ,1,1,1,1,1,1,1,1,1,1,1,1,1,1,1,1,1,1,1,1,1,1,1,1,1,1,1,1,1,1,1,1,1,1
    ,1,1,1,1,1,1,1,1,1,1,1,1,1,1,1,1,1,1,1,1,1,1,1,1,1,1,1,1,1,1,1,1,4),
  (0.,3.38685989978E-02,6.773719799561E-02,0.101605796993,0.135474395991
    ,0.169342994989,0.203211593987,0.237080192985,0.270948791982,
    0.30481739098,0.338685989978,0.372554588976,0.406423187974,
    0.440291786971,0.474160385969,0.508028984967,0.541897583965,
    0.575766182963,0.60963478196,0.643503380958,0.677371979956,
    0.711240578954,0.745109177952,0.778977776949,0.812846375947,
    0.846714974945,0.880583573943,0.914452172941,0.948320771938,
    0.982189370936,1.016057969934,1.049926568932,1.08379516793,
    1.117663766927,1.151532365925,1.185400964923,1.219269563921,
    1.253138162919,1.287006761916,1.320875360914,1.354743959912,
    1.38861255891,1.422481157908,1.456349756906,1.490218355903,
    1.524086954901,1.557955553899,1.591824152897,1.625692751895,
    1.659561350892,1.69342994989,1.727298548888,1.761167147886,
    1.795035746884,1.828904345881,1.862772944879,1.896641543877,
    1.930510142875,1.964378741873,1.99824734087,2.032115939868,
    2.065984538866,2.099853137864,2.133721736862,2.167590335859,
    2.201458934857,2.235327533855,2.269196132853,2.303064731851,
    2.336933330848,2.370801929846,2.404670528844,2.438539127842,
    2.47240772684,2.506276325837,2.540144924835,2.574013523833,
    2.607882122831,2.641750721829,2.675619320826,2.709487919824,
    2.743356518822,2.77722511782,2.811093716818,2.844962315815,
    2.878830914813,2.912699513811,2.946568112809,2.980436711807,
    3.014305310804,3.048173909802,3.0820425088,3.115911107798,
    3.149779706796,3.183648305793,3.217516904791,3.251385503789,
    3.285254102787,3.319122701785,3.352991300782,3.38685989978,
    3.420728498778,3.454597097776,3.488465696774,3.522334295771,
    3.556202894769,3.590071493767,3.623940092765,3.657808691763,
    3.69167729076,3.725545889758,3.759414488756,3.793283087754,
    3.827151686752,3.861020285749,3.894888884747,3.928757483745,
    3.962626082743,3.996494681741,4.030363280739,4.064231879736,
    4.098100478734,4.131969077732,4.16583767673,4.199706275728,
    4.233574874725,4.267443473723,4.301312072721,4.335180671719,
    4.369049270717,4.402917869714,4.436786468712,4.47065506771,
    4.504523666708,4.538392265706,4.572260864703,4.606129463701,
    4.639998062699,4.673866661697,4.707735260695,4.741603859692,
    4.77547245869,4.809341057688,4.843209656686,4.877078255684,
    4.910946854681,4.944815453679,4.978684052677,5.012552651675,
    5.046421250673,5.08028984967,5.114158448668,5.148027047666,
    5.181895646664,5.215764245662,5.249632844659,5.283501443657,
    5.317370042655,5.351238641653,5.385107240651,5.418975839648,
    5.452844438646,5.486713037644,5.520581636642,5.55445023564,
    5.588318834637,5.622187433635,5.656056032633,5.689924631631,
    5.723793230629,5.757661829626,5.791530428624,5.825399027622,
    5.85926762662,5.893136225618,5.927004824615,5.960873423613,
    5.994742022611,6.028610621609,6.062479220607,6.096347819604,
    6.130216418602,6.1640850176,6.197953616598,6.231822215596,
    6.265690814593,6.299559413591,6.333428012589,6.367296611587,
    6.401165210585,6.435033809582,6.46890240858,6.502771007578,
    6.536639606576,6.570508205574,6.604376804572,6.638245403569,
    6.672114002567,6.705982601565,6.739851200563,6.773719799561,
    6.807588398558,6.841456997556,6.875325596554,6.909194195552,
    6.94306279455,6.976931393547,7.010799992545,7.044668591543,
    7.078537190541,7.112405789539,7.146274388536,7.180142987534,
    7.214011586532,7.24788018553,7.281748784528,7.315617383525,
    7.349485982523,7.383354581521,7.417223180519,7.451091779517,
    7.484960378514,7.518828977512,7.55269757651,7.586566175508,
    7.620434774506,7.654303373503,7.688171972501,7.722040571499,
    7.755909170497,7.789777769495,7.823646368492,7.85751496749,
    7.891383566488,7.925252165486,7.959120764484,7.992989363481,
    8.026857962479,8.060726561477,8.094595160475,8.128463759473,
    8.16233235847,8.196200957468,8.230069556466,8.263938155464,
    8.297806754462,8.331675353459,8.365543952457,8.399412551455,
    8.433281150453,8.467149749451,8.501018348448,8.534886947446,
    8.568755546444,8.602624145442,8.63649274444,8.670361343437,
    8.704229942435,8.738098541433,8.771967140431,8.805835739429,
    8.839704338426,8.873572937424,8.907441536422,8.94131013542,
    8.975178734418,9.009047333415,9.042915932413,9.076784531411,
    9.110653130409,9.144521729407,9.178390328405,9.212258927402,
    9.2461275264,9.279996125398,9.313864724396,9.347733323394,
    9.381601922391,9.415470521389,9.449339120387,9.483207719385,
    9.517076318383,9.55094491738,9.584813516378,9.618682115376,
    9.652550714374,9.686419313372,9.720287912369,9.754156511367,
    9.788025110365,9.821893709363,9.855762308361,9.889630907358,
    9.923499506356,9.957368105354,9.991236704352,10.02510530335,
    10.058973902347,10.092842501345,10.126711100343,10.160579699341,
    10.194448298339,10.228316897336,10.262185496334,10.296054095332,
    10.32992269433,10.363791293328,10.397659892325,10.431528491323,
    10.465397090321,10.499265689319,10.533134288317,10.567002887314,
    10.600871486312,10.63474008531,10.668608684308,10.702477283306,
    10.736345882303,10.770214481301,10.804083080299,10.837951679297,
    10.871820278295,10.905688877292,10.93955747629,10.973426075288,
    11.007294674286,11.041163273284,11.075031872281,11.108900471279,
    11.142769070277,11.176637669275,11.210506268273,11.24437486727,
    11.278243466268,11.312112065266,11.345980664264,11.379849263262,
    11.413717862259,11.447586461257,11.481455060255,11.515323659253,
    11.549192258251,11.583060857248,11.616929456246,11.650798055244,
    11.684666654242,11.71853525324,11.752403852238,11.786272451235,
    11.820141050233,11.854009649231,11.887878248229,11.921746847227,
    11.955615446224,11.989484045222,12.02335264422,12.057221243218,
    12.091089842216,12.124958441213,12.158827040211,12.192695639209,
    12.226564238207,12.260432837205,12.294301436202,12.3281700352,
    12.362038634198,12.395907233196,12.429775832194,12.463644431191,
    12.497513030189,12.531381629187,12.565250228185,12.599118827183,
    12.63298742618,12.666856025178,12.700724624176,12.734593223174,
    12.768461822172,12.802330421169,12.836199020167,12.870067619165,
    12.903936218163,12.937804817161,12.971673416158,13.005542015156,
    13.039410614154,13.073279213152,13.10714781215,13.141016411147,
    13.174885010145,13.208753609143,13.242622208141,13.276490807139,
    13.310359406136,13.344228005134,13.378096604132,13.41196520313),
  .QUASI_UNIFORM_KNOTS.);
#1732 = CARTESIAN_POINT('',(4.670164569682E-02,9.771849468435));
#1733 = CARTESIAN_POINT('',(4.564263620671E-02,9.662359409004));
#1734 = CARTESIAN_POINT('',(4.356114255565E-02,9.443293106925));
#1735 = CARTESIAN_POINT('',(4.054826679876E-02,9.114444742595));
#1736 = CARTESIAN_POINT('',(3.764453978254E-02,8.785357145374));
#1737 = CARTESIAN_POINT('',(3.484976201767E-02,8.456039854029));
#1738 = CARTESIAN_POINT('',(3.2163744157E-02,8.126502315881));
#1739 = CARTESIAN_POINT('',(2.958630805075E-02,7.796753873812));
#1740 = CARTESIAN_POINT('',(2.711728584298E-02,7.466803770126));
#1741 = CARTESIAN_POINT('',(2.475651960691E-02,7.136661144103));
#1742 = CARTESIAN_POINT('',(2.250386089419E-02,6.806335037911));
#1743 = CARTESIAN_POINT('',(2.03591702023E-02,6.475834375417));
#1744 = CARTESIAN_POINT('',(1.832231697126E-02,6.145168041028));
#1745 = CARTESIAN_POINT('',(1.639318076787E-02,5.814345000925));
#1746 = CARTESIAN_POINT('',(1.457164793418E-02,5.483373912966));
#1747 = CARTESIAN_POINT('',(1.285761330899E-02,5.152263469098));
#1748 = CARTESIAN_POINT('',(1.125097941578E-02,4.821022311963));
#1749 = CARTESIAN_POINT('',(9.751656300513E-03,4.489659057262));
#1750 = CARTESIAN_POINT('',(8.359561219459E-03,4.158182287779));
#1751 = CARTESIAN_POINT('',(7.074618391417E-03,3.826600555004));
#1752 = CARTESIAN_POINT('',(5.896758756919E-03,3.494922378715));
#1753 = CARTESIAN_POINT('',(4.825919759787E-03,3.16315624711));
#1754 = CARTESIAN_POINT('',(3.862045146879E-03,2.831310616788));
#1755 = CARTESIAN_POINT('',(3.005084787085E-03,2.499393912775));
#1756 = CARTESIAN_POINT('',(2.254994509199E-03,2.167414528549));
#1757 = CARTESIAN_POINT('',(1.611735958678E-03,1.835380825977));
#1758 = CARTESIAN_POINT('',(1.075276473125E-03,1.503301135649));
#1759 = CARTESIAN_POINT('',(6.455889765257E-04,1.17118375569));
#1760 = CARTESIAN_POINT('',(3.226518915598E-04,0.83903695626));
#1761 = CARTESIAN_POINT('',(1.06449071966E-04,0.506868962841));
#1762 = CARTESIAN_POINT('',(-3.030253214239E-06,0.174688018673));
#1763 = CARTESIAN_POINT('',(-5.791493678022E-06,-0.157497848189));
#1764 = CARTESIAN_POINT('',(9.81651966102E-05,-0.48967923739));
#1765 = CARTESIAN_POINT('',(3.088449535386E-04,-0.821848081898));
#1766 = CARTESIAN_POINT('',(6.262582698007E-04,-1.153996154142));
#1767 = CARTESIAN_POINT('',(1.050421012718E-03,-1.486115229288));
#1768 = CARTESIAN_POINT('',(1.581354477646E-03,-1.818197041473));
#1769 = CARTESIAN_POINT('',(2.219085454904E-03,-2.150233295516));
#1770 = CARTESIAN_POINT('',(2.96364631629E-03,-2.482215663755));
#1771 = CARTESIAN_POINT('',(3.815075119789E-03,-2.81413578688));
#1772 = CARTESIAN_POINT('',(4.77341573299E-03,-3.145985273689));
#1773 = CARTESIAN_POINT('',(5.838717975253E-03,-3.477755701134));
#1774 = CARTESIAN_POINT('',(7.011037778721E-03,-3.809438614291));
#1775 = CARTESIAN_POINT('',(8.290437368264E-03,-4.141025526343));
#1776 = CARTESIAN_POINT('',(9.6769854606E-03,-4.472507918589));
#1777 = CARTESIAN_POINT('',(1.117075748181E-02,-4.803877240339));
#1778 = CARTESIAN_POINT('',(1.277183580654E-02,-5.135124909221));
#1779 = CARTESIAN_POINT('',(1.448031000671E-02,-5.466242309988));
#1780 = CARTESIAN_POINT('',(1.629627715523E-02,-5.797220798872));
#1781 = CARTESIAN_POINT('',(1.821984201493E-02,-6.128051687287));
#1782 = CARTESIAN_POINT('',(2.025111774618E-02,-6.458726302555));
#1783 = CARTESIAN_POINT('',(2.239022476888E-02,-6.789235761225));
#1784 = CARTESIAN_POINT('',(2.463729261707E-02,-7.119571098924));
#1785 = CARTESIAN_POINT('',(2.699246054257E-02,-7.44972342326));
#1786 = CARTESIAN_POINT('',(2.945587650638E-02,-7.779683694032));
#1787 = CARTESIAN_POINT('',(3.202769793186E-02,-8.109442776545));
#1788 = CARTESIAN_POINT('',(3.470809228E-02,-8.438991448132));
#1789 = CARTESIAN_POINT('',(3.749723669084E-02,-8.768320318761));
#1790 = CARTESIAN_POINT('',(4.039532165163E-02,-9.09742014209));
#1791 = CARTESIAN_POINT('',(4.340253960241E-02,-9.426280650618));
#1792 = CARTESIAN_POINT('',(4.65191298726E-02,-9.754894904047));
#1793 = CARTESIAN_POINT('',(4.97452134602E-02,-10.08324306067));
#1794 = CARTESIAN_POINT('',(5.308154417361E-02,-10.4113662564));
#1795 = CARTESIAN_POINT('',(5.652845252838E-02,-10.73925738161));
#1796 = CARTESIAN_POINT('',(6.00862250449E-02,-11.06690412746));
#1797 = CARTESIAN_POINT('',(6.375517252143E-02,-11.3942950481));
#1798 = CARTESIAN_POINT('',(6.753561189896E-02,-11.72141792964));
#1799 = CARTESIAN_POINT('',(7.14278712943E-02,-12.04826022059));
#1800 = CARTESIAN_POINT('',(7.543228884209E-02,-12.37480891021));
#1801 = CARTESIAN_POINT('',(7.954921321377E-02,-12.70105055485));
#1802 = CARTESIAN_POINT('',(8.377900370663E-02,-13.02697126479));
#1803 = CARTESIAN_POINT('',(8.812203046865E-02,-13.35255670184));
#1804 = CARTESIAN_POINT('',(9.257867470871E-02,-13.67779207414));
#1805 = CARTESIAN_POINT('',(9.714932893361E-02,-14.00266213178));
#1806 = CARTESIAN_POINT('',(0.101834397202,-14.32715116232));
#1807 = CARTESIAN_POINT('',(0.106634295397,-14.65124298642));
#1808 = CARTESIAN_POINT('',(0.111549451523,-14.97492095347));
#1809 = CARTESIAN_POINT('',(0.11658030602,-15.29816793731));
#1810 = CARTESIAN_POINT('',(0.121727312099,-15.62096633197));
#1811 = CARTESIAN_POINT('',(0.126990936106,-15.94329804738));
#1812 = CARTESIAN_POINT('',(0.132371657899,-16.26514450519));
#1813 = CARTESIAN_POINT('',(0.137869971262,-16.58648663451));
#1814 = CARTESIAN_POINT('',(0.143486384326,-16.9073048677));
#1815 = CARTESIAN_POINT('',(0.149221420035,-17.22757913617));
#1816 = CARTESIAN_POINT('',(0.155075616616,-17.54728886611));
#1817 = CARTESIAN_POINT('',(0.161049528095,-17.86641297425));
#1818 = CARTESIAN_POINT('',(0.167143724823,-18.18492986357));
#1819 = CARTESIAN_POINT('',(0.173358794043,-18.50281741901));
#1820 = CARTESIAN_POINT('',(0.179695340474,-18.82005300309));
#1821 = CARTESIAN_POINT('',(0.186153986928,-19.13661345157));
#1822 = CARTESIAN_POINT('',(0.192735374962,-19.45247506897));
#1823 = CARTESIAN_POINT('',(0.199440165551,-19.76761362412));
#1824 = CARTESIAN_POINT('',(0.206269039797,-20.08200434559));
#1825 = CARTESIAN_POINT('',(0.213222699674,-20.39562191712));
#1826 = CARTESIAN_POINT('',(0.220301868801,-20.70844047296));
#1827 = CARTESIAN_POINT('',(0.227507293253,-21.02043359312));
#1828 = CARTESIAN_POINT('',(0.234839742411,-21.33157429859));
#1829 = CARTESIAN_POINT('',(0.242300009845,-21.64183504648));
#1830 = CARTESIAN_POINT('',(0.249888914241,-21.95118772504));
#1831 = CARTESIAN_POINT('',(0.257607300372,-22.25960364869));
#1832 = CARTESIAN_POINT('',(0.26545604011,-22.56705355287));
#1833 = CARTESIAN_POINT('',(0.273436033488,-22.87350758889));
#1834 = CARTESIAN_POINT('',(0.281548209809,-23.17893531864));
#1835 = CARTESIAN_POINT('',(0.289793528813,-23.48330570927));
#1836 = CARTESIAN_POINT('',(0.298172981895,-23.78658712773));
#1837 = CARTESIAN_POINT('',(0.306687593387,-24.08874733525));
#1838 = CARTESIAN_POINT('',(0.315338421904,-24.38975348171));
#1839 = CARTESIAN_POINT('',(0.324126561757,-24.6895721001));
#1840 = CARTESIAN_POINT('',(0.33305314443,-24.98816910018));
#1841 = CARTESIAN_POINT('',(0.342119340205,-25.28550976458));
#1842 = CARTESIAN_POINT('',(0.351326359577,-25.58155873565));
#1843 = CARTESIAN_POINT('',(0.360675455871,-25.87628003623));
#1844 = CARTESIAN_POINT('',(0.370167923814,-26.16963696336));
#1845 = CARTESIAN_POINT('',(0.379805113659,-26.46159245616));
#1846 = CARTESIAN_POINT('',(0.389588387775,-26.75210769333));
#1847 = CARTESIAN_POINT('',(0.399519292483,-27.04114729753));
#1848 = CARTESIAN_POINT('',(0.409598927164,-27.32865988232));
#1849 = CARTESIAN_POINT('',(0.419823254247,-27.61445146801));
#1850 = CARTESIAN_POINT('',(0.430192703704,-27.89845995222));
#1851 = CARTESIAN_POINT('',(0.440706728006,-28.18059647817));
#1852 = CARTESIAN_POINT('',(0.451365056239,-28.46078190488));
#1853 = CARTESIAN_POINT('',(0.462167362549,-28.73893702619));
#1854 = CARTESIAN_POINT('',(0.473113359527,-29.01498518321));
#1855 = CARTESIAN_POINT('',(0.484202777749,-29.28885155438));
#1856 = CARTESIAN_POINT('',(0.495435376073,-29.56046334134));
#1857 = CARTESIAN_POINT('',(0.506810942973,-29.82974969427));
#1858 = CARTESIAN_POINT('',(0.518329303191,-30.09664178335));
#1859 = CARTESIAN_POINT('',(0.529990312288,-30.36107254626));
#1860 = CARTESIAN_POINT('',(0.541793894417,-30.62297758562));
#1861 = CARTESIAN_POINT('',(0.553739919437,-30.88229179037));
#1862 = CARTESIAN_POINT('',(0.565825052517,-31.13888391387));
#1863 = CARTESIAN_POINT('',(0.57804775032,-31.3926668514));
#1864 = CARTESIAN_POINT('',(0.590406088227,-31.64354899508));
#1865 = CARTESIAN_POINT('',(0.602898252612,-31.89144512714));
#1866 = CARTESIAN_POINT('',(0.61552241839,-32.13627355304));
#1867 = CARTESIAN_POINT('',(0.628276770776,-32.37795645375));
#1868 = CARTESIAN_POINT('',(0.641159563912,-32.61642112138));
#1869 = CARTESIAN_POINT('',(0.654170024127,-32.85161525955));
#1870 = CARTESIAN_POINT('',(0.667304288216,-33.083434295));
#1871 = CARTESIAN_POINT('',(0.680558973251,-33.31178910081));
#1872 = CARTESIAN_POINT('',(0.693930543128,-33.53659373367));
#1873 = CARTESIAN_POINT('',(0.707415477388,-33.75776853673));
#1874 = CARTESIAN_POINT('',(0.721010224548,-33.97523912526));
#1875 = CARTESIAN_POINT('',(0.734711212678,-34.18893647585));
#1876 = CARTESIAN_POINT('',(0.748514843952,-34.39879671813));
#1877 = CARTESIAN_POINT('',(0.762417493539,-34.60476101343));
#1878 = CARTESIAN_POINT('',(0.776415504552,-34.80677538267));
#1879 = CARTESIAN_POINT('',(0.790505191898,-35.00479065079));
#1880 = CARTESIAN_POINT('',(0.804682811835,-35.19876197542));
#1881 = CARTESIAN_POINT('',(0.818944657248,-35.38864992235));
#1882 = CARTESIAN_POINT('',(0.833286681743,-35.5744157695));
#1883 = CARTESIAN_POINT('',(0.847705880224,-35.75603834992));
#1884 = CARTESIAN_POINT('',(0.862194492459,-35.93344281137));
#1885 = CARTESIAN_POINT('',(0.876748491904,-36.10660857897));
#1886 = CARTESIAN_POINT('',(0.891364705784,-36.27552878651));
#1887 = CARTESIAN_POINT('',(0.906039678823,-36.44019668604));
#1888 = CARTESIAN_POINT('',(0.92076997485,-36.6006091769));
#1889 = CARTESIAN_POINT('',(0.935552092651,-36.75676574752));
#1890 = CARTESIAN_POINT('',(0.950382484801,-36.90866864692));
#1891 = CARTESIAN_POINT('',(0.96525754813,-37.05632272435));
#1892 = CARTESIAN_POINT('',(0.980173622487,-37.1997353668));
#1893 = CARTESIAN_POINT('',(0.995126982436,-37.33891637695));
#1894 = CARTESIAN_POINT('',(1.010113846714,-37.47387799143));
#1895 = CARTESIAN_POINT('',(1.02513032147,-37.60463439744));
#1896 = CARTESIAN_POINT('',(1.040172588405,-37.73120311551));
#1897 = CARTESIAN_POINT('',(1.05523617732,-37.85359941942));
#1898 = CARTESIAN_POINT('',(1.070320930578,-37.97187494937));
#1899 = CARTESIAN_POINT('',(1.085424679407,-38.08606434321));
#1900 = CARTESIAN_POINT('',(1.100545384496,-38.19620388485));
#1901 = CARTESIAN_POINT('',(1.11568093878,-38.30232960705));
#1902 = CARTESIAN_POINT('',(1.130829215807,-38.40447774529));
#1903 = CARTESIAN_POINT('',(1.145988049356,-38.50268455433));
#1904 = CARTESIAN_POINT('',(1.161155241551,-38.59698632303));
#1905 = CARTESIAN_POINT('',(1.176328524866,-38.68741923332));
#1906 = CARTESIAN_POINT('',(1.19150693281,-38.77402699877));
#1907 = CARTESIAN_POINT('',(1.206689500189,-38.85685212906));
#1908 = CARTESIAN_POINT('',(1.221875256569,-38.93593600386));
#1909 = CARTESIAN_POINT('',(1.237063225548,-39.01131884088));
#1910 = CARTESIAN_POINT('',(1.252252420101,-39.08303968417));
#1911 = CARTESIAN_POINT('',(1.267441845586,-39.15113640544));
#1912 = CARTESIAN_POINT('',(1.282630475772,-39.21564563325));
#1913 = CARTESIAN_POINT('',(1.297817328954,-39.27660295751));
#1914 = CARTESIAN_POINT('',(1.313000691067,-39.3340402468));
#1915 = CARTESIAN_POINT('',(1.328180840535,-39.38799573778));
#1916 = CARTESIAN_POINT('',(1.343357827267,-39.43850446797));
#1917 = CARTESIAN_POINT('',(1.358531768866,-39.48559962012));
#1918 = CARTESIAN_POINT('',(1.373702770702,-39.52931217193));
#1919 = CARTESIAN_POINT('',(1.388870946801,-39.56967099934));
#1920 = CARTESIAN_POINT('',(1.404036413751,-39.60670285765));
#1921 = CARTESIAN_POINT('',(1.419199291852,-39.6404323949));
#1922 = CARTESIAN_POINT('',(1.434359704365,-39.67088215605));
#1923 = CARTESIAN_POINT('',(1.449517777268,-39.69807258898));
#1924 = CARTESIAN_POINT('',(1.464673638964,-39.72202204958));
#1925 = CARTESIAN_POINT('',(1.479827419761,-39.74274680645));
#1926 = CARTESIAN_POINT('',(1.494979252418,-39.76026104519));
#1927 = CARTESIAN_POINT('',(1.510129268711,-39.77457687218));
#1928 = CARTESIAN_POINT('',(1.525277610904,-39.78570431807));
#1929 = CARTESIAN_POINT('',(1.540424387662,-39.79365134058));
#1930 = CARTESIAN_POINT('',(1.555569837304,-39.79842382757));
#1931 = CARTESIAN_POINT('',(1.570713717303,-39.80002559708));
#1932 = CARTESIAN_POINT('',(1.585857581463,-39.79845840671));
#1933 = CARTESIAN_POINT('',(1.601003036152,-39.79372052384));
#1934 = CARTESIAN_POINT('',(1.616149822588,-39.78580814464));
#1935 = CARTESIAN_POINT('',(1.631298181239,-39.77471540016));
#1936 = CARTESIAN_POINT('',(1.646448218007,-39.76043435216));
#1937 = CARTESIAN_POINT('',(1.661600073722,-39.74295499113));
#1938 = CARTESIAN_POINT('',(1.676753878393,-39.72226523319));
#1939 = CARTESIAN_POINT('',(1.691909763116,-39.69835091673));
#1940 = CARTESIAN_POINT('',(1.707067856529,-39.67119579855));
#1941 = CARTESIAN_POINT('',(1.722228285391,-39.64078154961));
#1942 = CARTESIAN_POINT('',(1.737391174046,-39.60708775032));
#1943 = CARTESIAN_POINT('',(1.752556644137,-39.57009188556));
#1944 = CARTESIAN_POINT('',(1.767724814393,-39.52976933845));
#1945 = CARTESIAN_POINT('',(1.782895799738,-39.4860933868));
#1946 = CARTESIAN_POINT('',(1.798069712978,-39.43903518769));
#1947 = CARTESIAN_POINT('',(1.813246656706,-39.38856380409));
#1948 = CARTESIAN_POINT('',(1.828426751668,-39.33464607256));
#1949 = CARTESIAN_POINT('',(1.843610028925,-39.27724706215));
#1950 = CARTESIAN_POINT('',(1.858796830252,-39.21632832462));
#1951 = CARTESIAN_POINT('',(1.873985471874,-39.15185784545));
#1952 = CARTESIAN_POINT('',(1.889174909195,-39.08380029978));
#1953 = CARTESIAN_POINT('',(1.904364134413,-39.01211899396));
#1954 = CARTESIAN_POINT('',(1.919552149554,-38.93677607757));
#1955 = CARTESIAN_POINT('',(1.934737969927,-38.8577325037));
#1956 = CARTESIAN_POINT('',(1.949920620466,-38.77494805307));
#1957 = CARTESIAN_POINT('',(1.96509913034,-38.68838135433));
#1958 = CARTESIAN_POINT('',(1.980272541843,-38.59798985592));
#1959 = CARTESIAN_POINT('',(1.995439869258,-38.50372996488));
#1960 = CARTESIAN_POINT('',(2.010598829155,-38.40556561667));
#1961 = CARTESIAN_POINT('',(2.02574724022,-38.30346043205));
#1962 = CARTESIAN_POINT('',(2.040882943998,-38.19737810931));
#1963 = CARTESIAN_POINT('',(2.056003822476,-38.0872823548));
#1964 = CARTESIAN_POINT('',(2.071107781171,-37.9731370322));
#1965 = CARTESIAN_POINT('',(2.086192774216,-37.85490589872));
#1966 = CARTESIAN_POINT('',(2.101256696871,-37.73255377484));
#1967 = CARTESIAN_POINT('',(2.116299369185,-37.60602914138));
#1968 = CARTESIAN_POINT('',(2.131316267074,-37.4753171479));
#1969 = CARTESIAN_POINT('',(2.146303586445,-37.34040013662));
#1970 = CARTESIAN_POINT('',(2.161257429462,-37.20126393184));
#1971 = CARTESIAN_POINT('',(2.176174015801,-37.05789626712));
#1972 = CARTESIAN_POINT('',(2.191049619699,-36.91028731937));
#1973 = CARTESIAN_POINT('',(2.20588058102,-36.75842967763));
#1974 = CARTESIAN_POINT('',(2.220663296704,-36.60231846615));
#1975 = CARTESIAN_POINT('',(2.235394218878,-36.4419514156));
#1976 = CARTESIAN_POINT('',(2.250069848161,-36.2773289874));
#1977 = CARTESIAN_POINT('',(2.264686741766,-36.1084543375));
#1978 = CARTESIAN_POINT('',(2.279241469417,-35.93533386923));
#1979 = CARTESIAN_POINT('',(2.293730765406,-35.7579755904));
#1980 = CARTESIAN_POINT('',(2.308150950422,-35.57639566433));
#1981 = CARTESIAN_POINT('',(2.322493949455,-35.39067269555));
#1982 = CARTESIAN_POINT('',(2.336756748502,-35.20082801908));
#1983 = CARTESIAN_POINT('',(2.350935318191,-35.00690012509));
#1984 = CARTESIAN_POINT('',(2.365025961375,-34.80892830304));
#1985 = CARTESIAN_POINT('',(2.379024946051,-34.60695720698));
#1986 = CARTESIAN_POINT('',(2.392928598257,-34.40103581479));
#1987 = CARTESIAN_POINT('',(2.406733272248,-34.19121789016));
#1988 = CARTESIAN_POINT('',(2.42043535418,-33.97756204013));
#1989 = CARTESIAN_POINT('',(2.434031257023,-33.76013188739));
#1990 = CARTESIAN_POINT('',(2.44751741964,-33.5389961879));
#1991 = CARTESIAN_POINT('',(2.460890300543,-33.31422905264));
#1992 = CARTESIAN_POINT('',(2.474146391317,-33.08590980758));
#1993 = CARTESIAN_POINT('',(2.487282159244,-32.8541241964));
#1994 = CARTESIAN_POINT('',(2.500294255957,-32.61896057411));
#1995 = CARTESIAN_POINT('',(2.513178735247,-32.38052479437));
#1996 = CARTESIAN_POINT('',(2.525934373078,-32.13887778628));
#1997 = CARTESIAN_POINT('',(2.538559841883,-31.89408460371));
#1998 = CARTESIAN_POINT('',(2.551053265323,-31.64622421104));
#1999 = CARTESIAN_POINT('',(2.563412882389,-31.39537706511));
#2000 = CARTESIAN_POINT('',(2.575636913227,-31.14162762622));
#2001 = CARTESIAN_POINT('',(2.587723454867,-30.8850669496));
#2002 = CARTESIAN_POINT('',(2.599671056592,-30.62578002582));
#2003 = CARTESIAN_POINT('',(2.611476528452,-30.36389446945));
#2004 = CARTESIAN_POINT('',(2.623138966441,-30.09949268874));
#2005 = CARTESIAN_POINT('',(2.634658584105,-29.83263306519));
#2006 = CARTESIAN_POINT('',(2.646035239554,-29.56338279406));
#2007 = CARTESIAN_POINT('',(2.657268834949,-29.29180909245));
#2008 = CARTESIAN_POINT('',(2.668359214218,-29.01798156332));
#2009 = CARTESIAN_POINT('',(2.679306195248,-28.74197156836));
#2010 = CARTESIAN_POINT('',(2.690109565748,-28.46385240939));
#2011 = CARTESIAN_POINT('',(2.700769089764,-28.18369926664));
#2012 = CARTESIAN_POINT('',(2.711284507673,-27.90158930132));
#2013 = CARTESIAN_POINT('',(2.721655551314,-27.61760134385));
#2014 = CARTESIAN_POINT('',(2.731881904834,-27.33181707532));
#2015 = CARTESIAN_POINT('',(2.741963367207,-27.0443166503));
#2016 = CARTESIAN_POINT('',(2.751899262042,-26.75519506105));
#2017 = CARTESIAN_POINT('',(2.761686560099,-26.46462137434));
#2018 = CARTESIAN_POINT('',(2.771327597961,-26.17260920968));
#2019 = CARTESIAN_POINT('',(2.780823554431,-25.8792030354));
#2020 = CARTESIAN_POINT('',(2.790175856276,-25.58443819399));
#2021 = CARTESIAN_POINT('',(2.799385804207,-25.28835162197));
#2022 = CARTESIAN_POINT('',(2.808454675602,-24.99097898621));
#2023 = CARTESIAN_POINT('',(2.81738369934,-24.69235545989));
#2024 = CARTESIAN_POINT('',(2.826174064793,-24.39251552305));
#2025 = CARTESIAN_POINT('',(2.834826921532,-24.09149302452));
#2026 = CARTESIAN_POINT('',(2.843343381421,-23.78932117366));
#2027 = CARTESIAN_POINT('',(2.851724519968,-23.48603255086));
#2028 = CARTESIAN_POINT('',(2.859971377773,-23.18165911292));
#2029 = CARTESIAN_POINT('',(2.868084961868,-22.87623219967));
#2030 = CARTESIAN_POINT('',(2.876066246999,-22.56978254024));
#2031 = CARTESIAN_POINT('',(2.883916176848,-22.26234025927));
#2032 = CARTESIAN_POINT('',(2.891635665192,-21.95393488308));
#2033 = CARTESIAN_POINT('',(2.899225597016,-21.64459534575));
#2034 = CARTESIAN_POINT('',(2.906686829575,-21.3343499951));
#2035 = CARTESIAN_POINT('',(2.9140201934,-21.02322659867));
#2036 = CARTESIAN_POINT('',(2.921226493272,-20.71125234956));
#2037 = CARTESIAN_POINT('',(2.928306509144,-20.39845387223));
#2038 = CARTESIAN_POINT('',(2.935260997029,-20.08485722821));
#2039 = CARTESIAN_POINT('',(2.942090689843,-19.77048792178));
#2040 = CARTESIAN_POINT('',(2.948796298221,-19.45537090554));
#2041 = CARTESIAN_POINT('',(2.95537851129,-19.13953058596));
#2042 = CARTESIAN_POINT('',(2.961837997414,-18.82299082882));
#2043 = CARTESIAN_POINT('',(2.968175404901,-18.50577496461));
#2044 = CARTESIAN_POINT('',(2.974391362689,-18.18790579389));
#2045 = CARTESIAN_POINT('',(2.980486480992,-17.86940559258));
#2046 = CARTESIAN_POINT('',(2.986461351924,-17.55029611718));
#2047 = CARTESIAN_POINT('',(2.992316550093,-17.23059860999));
#2048 = CARTESIAN_POINT('',(2.998052633164,-16.91033380423));
#2049 = CARTESIAN_POINT('',(3.003670142405,-16.58952192913));
#2050 = CARTESIAN_POINT('',(3.009169603198,-16.26818271506));
#2051 = CARTESIAN_POINT('',(3.014551525531,-15.94633539847));
#2052 = CARTESIAN_POINT('',(3.019816404459,-15.623998727));
#2053 = CARTESIAN_POINT('',(3.024964720552,-15.30119096438));
#2054 = CARTESIAN_POINT('',(3.029996940307,-14.97792989543));
#2055 = CARTESIAN_POINT('',(3.034913516547,-14.65423283101));
#2056 = CARTESIAN_POINT('',(3.039714888792,-14.33011661298));
#2057 = CARTESIAN_POINT('',(3.044401483611,-14.00559761909));
#2058 = CARTESIAN_POINT('',(3.048973714955,-13.680691768));
#2059 = CARTESIAN_POINT('',(3.053431984461,-13.35541452417));
#2060 = CARTESIAN_POINT('',(3.057776681748,-13.02978090288));
#2061 = CARTESIAN_POINT('',(3.062008184681,-12.70380547521));
#2062 = CARTESIAN_POINT('',(3.066126859631,-12.37750237308));
#2063 = CARTESIAN_POINT('',(3.070133061699,-12.05088529425));
#2064 = CARTESIAN_POINT('',(3.07402713494,-11.72396750775));
#2065 = CARTESIAN_POINT('',(3.077809412565,-11.39676185789));
#2066 = CARTESIAN_POINT('',(3.081480217094,-11.06928077371));
#2067 = CARTESIAN_POINT('',(3.085039860658,-10.74153625858));
#2068 = CARTESIAN_POINT('',(3.08848864465,-10.4135399541));
#2069 = CARTESIAN_POINT('',(3.091826861751,-10.08530292729));
#2070 = CARTESIAN_POINT('',(3.095054789041,-9.756836490651));
#2071 = CARTESIAN_POINT('',(3.098172714296,-9.428149168115));
#2072 = CARTESIAN_POINT('',(3.101180838422,-9.099258045055));
#2073 = CARTESIAN_POINT('',(3.104079811472,-8.770127310514));
#2074 = CARTESIAN_POINT('',(3.1068698201,-8.440767505762));
#2075 = CARTESIAN_POINT('',(3.109551056654,-8.111187796924));
#2076 = CARTESIAN_POINT('',(3.112123698071,-7.781397589874));
#2077 = CARTESIAN_POINT('',(3.114587912152,-7.451406097091));
#2078 = CARTESIAN_POINT('',(3.11694385646,-7.121222455329));
#2079 = CARTESIAN_POINT('',(3.119191679278,-6.790855688094));
#2080 = CARTESIAN_POINT('',(3.121331519698,-6.460314687935));
#2081 = CARTESIAN_POINT('',(3.123363507307,-6.129608361597));
#2082 = CARTESIAN_POINT('',(3.125287763118,-5.798745543547));
#2083 = CARTESIAN_POINT('',(3.127104399787,-5.467735016886));
#2084 = CARTESIAN_POINT('',(3.128813521974,-5.136585511192));
#2085 = CARTESIAN_POINT('',(3.130415226636,-4.80530570655));
#2086 = CARTESIAN_POINT('',(3.131909603315,-4.473904235919));
#2087 = CARTESIAN_POINT('',(3.133296734398,-4.142389687946));
#2088 = CARTESIAN_POINT('',(3.134576695369,-3.810770609663));
#2089 = CARTESIAN_POINT('',(3.135749555028,-3.479055509215));
#2090 = CARTESIAN_POINT('',(3.136815375705,-3.147252858578));
#2091 = CARTESIAN_POINT('',(3.137774213444,-2.815371096282));
#2092 = CARTESIAN_POINT('',(3.138626118178,-2.48341863013));
#2093 = CARTESIAN_POINT('',(3.139371133877,-2.151403839933));
#2094 = CARTESIAN_POINT('',(3.140009298684,-1.81933508019));
#2095 = CARTESIAN_POINT('',(3.140540645034,-1.487220682952));
#2096 = CARTESIAN_POINT('',(3.140965199745,-1.155068960029));
#2097 = CARTESIAN_POINT('',(3.141282984106,-0.822888207644));
#2098 = CARTESIAN_POINT('',(3.141494013928,-0.490686701941));
#2099 = CARTESIAN_POINT('',(3.141598299623,-0.158472728643));
#2100 = CARTESIAN_POINT('',(3.141595846108,0.173745514748));
#2101 = CARTESIAN_POINT('',(3.141486653649,0.505958944996));
#2102 = CARTESIAN_POINT('',(3.141270716806,0.838159482107));
#2103 = CARTESIAN_POINT('',(3.140948024824,1.170338877892));
#2104 = CARTESIAN_POINT('',(3.140518561562,1.502488891159));
#2105 = CARTESIAN_POINT('',(3.139982305452,1.83460124076));
#2106 = CARTESIAN_POINT('',(3.139339229424,2.166667618156));
#2107 = CARTESIAN_POINT('',(3.138589300823,2.498679684039));
#2108 = CARTESIAN_POINT('',(3.137732481299,2.83062906923));
#2109 = CARTESIAN_POINT('',(3.136768726682,3.162507374419));
#2110 = CARTESIAN_POINT('',(3.135697986841,3.49430617023));
#2111 = CARTESIAN_POINT('',(3.134520205519,3.826016997184));
#2112 = CARTESIAN_POINT('',(3.133235320152,4.157631365719));
#2113 = CARTESIAN_POINT('',(3.131843261669,4.489140756085));
#2114 = CARTESIAN_POINT('',(3.13034395427,4.820536618693));
#2115 = CARTESIAN_POINT('',(3.128737315194,5.151810372772));
#2116 = CARTESIAN_POINT('',(3.127023254438,5.482953411325));
#2117 = CARTESIAN_POINT('',(3.125201674573,5.813957082602));
#2118 = CARTESIAN_POINT('',(3.123272470092,6.144812759186));
#2119 = CARTESIAN_POINT('',(3.121235528431,6.475511580127));
#2120 = CARTESIAN_POINT('',(3.119090728535,6.806044619982));
#2121 = CARTESIAN_POINT('',(3.116837939531,7.136403107506));
#2122 = CARTESIAN_POINT('',(3.114477022108,7.466578095893));
#2123 = CARTESIAN_POINT('',(3.112007827705,7.796560550934));
#2124 = CARTESIAN_POINT('',(3.109430198277,8.126341327581));
#2125 = CARTESIAN_POINT('',(3.106743965834,8.455911176109));
#2126 = CARTESIAN_POINT('',(3.103948952144,8.785260741481));
#2127 = CARTESIAN_POINT('',(3.101044967878,9.114380560316));
#2128 = CARTESIAN_POINT('',(3.098031813685,9.443261074217));
#2129 = CARTESIAN_POINT('',(3.095950120543,9.662348744786));
#2130 = CARTESIAN_POINT('',(3.094891007893,9.771849468435));
#2131 = ( GEOMETRIC_REPRESENTATION_CONTEXT(2) 
PARAMETRIC_REPRESENTATION_CONTEXT() REPRESENTATION_CONTEXT('2D SPACE',''
  ) );
#2132 = ORIENTED_EDGE('',*,*,#222,.F.);
#2133 = ADVANCED_FACE('',(#2134),#181,.F.);
#2134 = FACE_BOUND('',#2135,.F.);
#2135 = EDGE_LOOP('',(#2136,#2137,#2247,#3021));
#2136 = ORIENTED_EDGE('',*,*,#1027,.T.);
#2137 = ORIENTED_EDGE('',*,*,#2138,.F.);
#2138 = EDGE_CURVE('',#2139,#1000,#2141,.T.);
#2139 = VERTEX_POINT('',#2140);
#2140 = CARTESIAN_POINT('',(92.438279468639,99.221976981316,
    25.644702119399));
#2141 = SURFACE_CURVE('',#2142,(#2175,#2211),.PCURVE_S1.);
#2142 = B_SPLINE_CURVE_WITH_KNOTS('',7,(#2143,#2144,#2145,#2146,#2147,
    #2148,#2149,#2150,#2151,#2152,#2153,#2154,#2155,#2156,#2157,#2158,
    #2159,#2160,#2161,#2162,#2163,#2164,#2165,#2166,#2167,#2168,#2169,
    #2170,#2171,#2172,#2173,#2174),.UNSPECIFIED.,.F.,.F.,(8,6,6,6,6,8),(
    0.,7.509254215729E-02,0.330675200128,0.588118355533,0.774991623607,
    1.),.UNSPECIFIED.);
#2143 = CARTESIAN_POINT('',(92.438279468639,99.221976981316,
    25.644702119399));
#2144 = CARTESIAN_POINT('',(92.435432396514,99.274930389151,
    25.671683228329));
#2145 = CARTESIAN_POINT('',(92.433049053376,99.328668070905,
    25.696751577824));
#2146 = CARTESIAN_POINT('',(92.431132342509,99.383135155015,
    25.719902855996));
#2147 = CARTESIAN_POINT('',(92.429684411379,99.438278658448,
    25.741130713941));
#2148 = CARTESIAN_POINT('',(92.428706677785,99.494047387281,
    25.760426728086));
#2149 = CARTESIAN_POINT('',(92.428199856022,99.55039183728,
    25.777780362542));
#2150 = CARTESIAN_POINT('',(92.428041886825,99.800832753148,
    25.845589025147));
#2151 = CARTESIAN_POINT('',(92.433375399446,100.00040996051,
    25.875322570611));
#2152 = CARTESIAN_POINT('',(92.444156537249,100.20422634417,
    25.881952882217));
#2153 = CARTESIAN_POINT('',(92.460309512638,100.41048027654,
    25.864584773819));
#2154 = CARTESIAN_POINT('',(92.481660081841,100.61706312437,
    25.821934626743));
#2155 = CARTESIAN_POINT('',(92.507852888136,100.8212534407,
    25.752388184565));
#2156 = CARTESIAN_POINT('',(92.56892879383,101.2186443831,
    25.555121607612));
#2157 = CARTESIAN_POINT('',(92.60464999551,101.41680537495,
    25.424474613157));
#2158 = CARTESIAN_POINT('',(92.6444308845,101.60411473662,
    25.260168502239));
#2159 = CARTESIAN_POINT('',(92.686451089098,101.77147956174,
    25.063157474357));
#2160 = CARTESIAN_POINT('',(92.72847578491,101.91064050305,
    24.836821655856));
#2161 = CARTESIAN_POINT('',(92.768551399619,102.01445682917,
    24.586538639214));
#2162 = CARTESIAN_POINT('',(92.831949758563,102.12259877527,
    24.125473099222));
#2163 = CARTESIAN_POINT('',(92.856046723266,102.14501820703,
    23.928541236386));
#2164 = CARTESIAN_POINT('',(92.877197971534,102.14445526605,
    23.732521031014));
#2165 = CARTESIAN_POINT('',(92.895314215921,102.12197058948,
    23.541311451879));
#2166 = CARTESIAN_POINT('',(92.910542484295,102.07960884074,
    23.358543026373));
#2167 = CARTESIAN_POINT('',(92.923180579878,102.02041040389,
    23.187345889897));
#2168 = CARTESIAN_POINT('',(92.946054494391,101.86176103948,
    22.84082562406));
#2169 = CARTESIAN_POINT('',(92.955453671864,101.75532018191,
    22.669079563585));
#2170 = CARTESIAN_POINT('',(92.962479856919,101.63307899886,
    22.515448774303));
#2171 = CARTESIAN_POINT('',(92.967706981761,101.49808699807,
    22.37995535055));
#2172 = CARTESIAN_POINT('',(92.971540987957,101.35272433337,
    22.262420506483));
#2173 = CARTESIAN_POINT('',(92.974258010653,101.19885472155,
    22.162666688052));
#2174 = CARTESIAN_POINT('',(92.976012879403,101.03793898027,
    22.080676022646));
#2175 = PCURVE('',#181,#2176);
#2176 = DEFINITIONAL_REPRESENTATION('',(#2177),#2210);
#2177 = B_SPLINE_CURVE_WITH_KNOTS('',7,(#2178,#2179,#2180,#2181,#2182,
    #2183,#2184,#2185,#2186,#2187,#2188,#2189,#2190,#2191,#2192,#2193,
    #2194,#2195,#2196,#2197,#2198,#2199,#2200,#2201,#2202,#2203,#2204,
    #2205,#2206,#2207,#2208,#2209),.UNSPECIFIED.,.F.,.F.,(8,6,6,6,6,8),(
    0.,7.509254215729E-02,0.330675200128,0.588118355533,0.774991623607,
    1.),.UNSPECIFIED.);
#2178 = CARTESIAN_POINT('',(2.915132277755,8.940202705164));
#2179 = CARTESIAN_POINT('',(2.914555906899,8.99833499423));
#2180 = CARTESIAN_POINT('',(2.91407509662,9.05672977516));
#2181 = CARTESIAN_POINT('',(2.913689431722,9.115332930094));
#2182 = CARTESIAN_POINT('',(2.913398598437,9.174091638135));
#2183 = CARTESIAN_POINT('',(2.913202384973,9.232954269569));
#2184 = CARTESIAN_POINT('',(2.913100682059,9.291870280091));
#2185 = CARTESIAN_POINT('',(2.913068982667,9.551327801992));
#2186 = CARTESIAN_POINT('',(2.914139255178,9.751800188771));
#2187 = CARTESIAN_POINT('',(2.916302191376,9.950387748491));
#2188 = CARTESIAN_POINT('',(2.919574647298,10.14511855131));
#2189 = CARTESIAN_POINT('',(2.923985563993,10.333623588953));
#2190 = CARTESIAN_POINT('',(2.929569387595,10.512856345218));
#2191 = CARTESIAN_POINT('',(2.943191516395,10.845650172536));
#2192 = CARTESIAN_POINT('',(2.951420521497,11.003245061985));
#2193 = CARTESIAN_POINT('',(2.961009509766,11.141646461188));
#2194 = CARTESIAN_POINT('',(2.971797244701,11.252318262071));
#2195 = CARTESIAN_POINT('',(2.983526204539,11.328157388885));
#2196 = CARTESIAN_POINT('',(2.995870167193,11.363658248101));
#2197 = CARTESIAN_POINT('',(3.017577945903,11.348782803951));
#2198 = CARTESIAN_POINT('',(3.026554678273,11.319468595406));
#2199 = CARTESIAN_POINT('',(3.035207222035,11.268191073802));
#2200 = CARTESIAN_POINT('',(3.043378798658,11.196983863321));
#2201 = CARTESIAN_POINT('',(3.050936406145,11.108761606804));
#2202 = CARTESIAN_POINT('',(3.057780514577,11.007271228382));
#2203 = CARTESIAN_POINT('',(3.071168738632,10.764341665663));
#2204 = CARTESIAN_POINT('',(3.077471336634,10.61707654099));
#2205 = CARTESIAN_POINT('',(3.08278791458,10.459238051067));
#2206 = CARTESIAN_POINT('',(3.087155137559,10.293777512613));
#2207 = CARTESIAN_POINT('',(3.090609851483,10.122947704486));
#2208 = CARTESIAN_POINT('',(3.093182379356,9.94850288452));
#2209 = CARTESIAN_POINT('',(3.094891007893,9.771849468435));
#2210 = ( GEOMETRIC_REPRESENTATION_CONTEXT(2) 
PARAMETRIC_REPRESENTATION_CONTEXT() REPRESENTATION_CONTEXT('2D SPACE',''
  ) );
#2211 = PCURVE('',#1015,#2212);
#2212 = DEFINITIONAL_REPRESENTATION('',(#2213),#2246);
#2213 = B_SPLINE_CURVE_WITH_KNOTS('',7,(#2214,#2215,#2216,#2217,#2218,
    #2219,#2220,#2221,#2222,#2223,#2224,#2225,#2226,#2227,#2228,#2229,
    #2230,#2231,#2232,#2233,#2234,#2235,#2236,#2237,#2238,#2239,#2240,
    #2241,#2242,#2243,#2244,#2245),.UNSPECIFIED.,.F.,.F.,(8,6,6,6,6,8),(
    0.,7.509254215729E-02,0.330675200128,0.588118355533,0.774991623607,
    1.),.UNSPECIFIED.);
#2214 = CARTESIAN_POINT('',(1.570796326795,-69.43827946863));
#2215 = CARTESIAN_POINT('',(1.600511826288,-69.43543239651));
#2216 = CARTESIAN_POINT('',(1.630142535913,-69.43304905337));
#2217 = CARTESIAN_POINT('',(1.65970588405,-69.4311323425));
#2218 = CARTESIAN_POINT('',(1.689218592711,-69.42968441137));
#2219 = CARTESIAN_POINT('',(1.718697074526,-69.42870667778));
#2220 = CARTESIAN_POINT('',(1.748157829732,-69.42819985602));
#2221 = CARTESIAN_POINT('',(1.877887035257,-69.42804188682));
#2222 = CARTESIAN_POINT('',(1.97809273402,-69.43337539944));
#2223 = CARTESIAN_POINT('',(2.078972655704,-69.44415653724));
#2224 = CARTESIAN_POINT('',(2.181175119763,-69.46030951263));
#2225 = CARTESIAN_POINT('',(2.285380209111,-69.48166008184));
#2226 = CARTESIAN_POINT('',(2.392289532002,-69.50785288813));
#2227 = CARTESIAN_POINT('',(2.614119232157,-69.56892879383));
#2228 = CARTESIAN_POINT('',(2.731911956345,-69.60464999551));
#2229 = CARTESIAN_POINT('',(2.854580255611,-69.6444308845));
#2230 = CARTESIAN_POINT('',(2.981275837043,-69.68645108909));
#2231 = CARTESIAN_POINT('',(3.111560908468,-69.72847578491));
#2232 = CARTESIAN_POINT('',(3.245249232018,-69.76855139961));
#2233 = CARTESIAN_POINT('',(3.48203822705,-69.83194975856));
#2234 = CARTESIAN_POINT('',(3.580462104373,-69.85604672326));
#2235 = CARTESIAN_POINT('',(3.677432620896,-69.87719797153));
#2236 = CARTESIAN_POINT('',(3.772612599744,-69.89531421592));
#2237 = CARTESIAN_POINT('',(3.865575478416,-69.91054248429));
#2238 = CARTESIAN_POINT('',(3.955726234549,-69.92318057987));
#2239 = CARTESIAN_POINT('',(4.146281945211,-69.94605449439));
#2240 = CARTESIAN_POINT('',(4.246515553805,-69.95545367186));
#2241 = CARTESIAN_POINT('',(4.343644094631,-69.96247985691));
#2242 = CARTESIAN_POINT('',(4.43825341098,-69.96770698176));
#2243 = CARTESIAN_POINT('',(4.530896073002,-69.97154098795));
#2244 = CARTESIAN_POINT('',(4.622089001142,-69.97425801065));
#2245 = CARTESIAN_POINT('',(4.712388980385,-69.9760128794));
#2246 = ( GEOMETRIC_REPRESENTATION_CONTEXT(2) 
PARAMETRIC_REPRESENTATION_CONTEXT() REPRESENTATION_CONTEXT('2D SPACE',''
  ) );
#2247 = ORIENTED_EDGE('',*,*,#2248,.T.);
#2248 = EDGE_CURVE('',#2139,#80,#2249,.T.);
#2249 = SURFACE_CURVE('',#2250,(#2505,#2763),.PCURVE_S1.);
#2250 = B_SPLINE_CURVE_WITH_KNOTS('',8,(#2251,#2252,#2253,#2254,#2255,
    #2256,#2257,#2258,#2259,#2260,#2261,#2262,#2263,#2264,#2265,#2266,
    #2267,#2268,#2269,#2270,#2271,#2272,#2273,#2274,#2275,#2276,#2277,
    #2278,#2279,#2280,#2281,#2282,#2283,#2284,#2285,#2286,#2287,#2288,
    #2289,#2290,#2291,#2292,#2293,#2294,#2295,#2296,#2297,#2298,#2299,
    #2300,#2301,#2302,#2303,#2304,#2305,#2306,#2307,#2308,#2309,#2310,
    #2311,#2312,#2313,#2314,#2315,#2316,#2317,#2318,#2319,#2320,#2321,
    #2322,#2323,#2324,#2325,#2326,#2327,#2328,#2329,#2330,#2331,#2332,
    #2333,#2334,#2335,#2336,#2337,#2338,#2339,#2340,#2341,#2342,#2343,
    #2344,#2345,#2346,#2347,#2348,#2349,#2350,#2351,#2352,#2353,#2354,
    #2355,#2356,#2357,#2358,#2359,#2360,#2361,#2362,#2363,#2364,#2365,
    #2366,#2367,#2368,#2369,#2370,#2371,#2372,#2373,#2374,#2375,#2376,
    #2377,#2378,#2379,#2380,#2381,#2382,#2383,#2384,#2385,#2386,#2387,
    #2388,#2389,#2390,#2391,#2392,#2393,#2394,#2395,#2396,#2397,#2398,
    #2399,#2400,#2401,#2402,#2403,#2404,#2405,#2406,#2407,#2408,#2409,
    #2410,#2411,#2412,#2413,#2414,#2415,#2416,#2417,#2418,#2419,#2420,
    #2421,#2422,#2423,#2424,#2425,#2426,#2427,#2428,#2429,#2430,#2431,
    #2432,#2433,#2434,#2435,#2436,#2437,#2438,#2439,#2440,#2441,#2442,
    #2443,#2444,#2445,#2446,#2447,#2448,#2449,#2450,#2451,#2452,#2453,
    #2454,#2455,#2456,#2457,#2458,#2459,#2460,#2461,#2462,#2463,#2464,
    #2465,#2466,#2467,#2468,#2469,#2470,#2471,#2472,#2473,#2474,#2475,
    #2476,#2477,#2478,#2479,#2480,#2481,#2482,#2483,#2484,#2485,#2486,
    #2487,#2488,#2489,#2490,#2491,#2492,#2493,#2494,#2495,#2496,#2497,
    #2498,#2499,#2500,#2501,#2502,#2503,#2504),.UNSPECIFIED.,.F.,.F.,(9,
    7,7,7,7,7,7,7,7,7,7,7,7,7,7,7,7,7,7,7,7,7,7,7,7,7,7,7,7,7,7,7,7,7,7,
    7,9),(0.,2.840220696553E-02,7.644076211866E-02,0.130539049363,
    0.276868200662,0.312585832337,0.332212380634,0.375289152436,
    0.411269898558,0.431580211175,0.499904954486,0.546561750606,
    0.567973047978,0.588236256362,0.624044849462,0.665943688725,
    0.685341468287,0.71927744655,0.84525457565,0.845393331542,
    0.845467654375,0.845567944405,0.845658643592,0.845742962043,
    0.845827374966,0.845973698414,0.846022536268,0.846084443187,
    0.846211675577,0.846532345452,0.846637352861,0.84672935586,
    0.846814889143,0.872540025926,0.923455202623,0.973546723136,1.),
  .UNSPECIFIED.);
#2251 = CARTESIAN_POINT('',(92.438279468639,99.221976981316,
    25.644702119399));
#2252 = CARTESIAN_POINT('',(92.45844642178,98.846886766598,
    25.453584109144));
#2253 = CARTESIAN_POINT('',(92.477101886558,98.470027822451,
    25.266851191611));
#2254 = CARTESIAN_POINT('',(92.494329893719,98.091443492404,
    25.084507221176));
#2255 = CARTESIAN_POINT('',(92.51020745809,97.711175715036,
    24.906555761535));
#2256 = CARTESIAN_POINT('',(92.524804768801,97.329264994886,
    24.733000183272));
#2257 = CARTESIAN_POINT('',(92.538185379518,96.945750373352,
    24.563843761413));
#2258 = CARTESIAN_POINT('',(92.550406398663,96.560669399603,
    24.399089772987));
#2259 = CARTESIAN_POINT('',(92.580313624814,95.520156515949,
    23.967533979594));
#2260 = CARTESIAN_POINT('',(92.5959368053,94.86188022197,23.708931429872
    ));
#2261 = CARTESIAN_POINT('',(92.608633767038,94.199400909303,
    23.462949072756));
#2262 = CARTESIAN_POINT('',(92.618599108949,93.532885149753,
    23.229606059538));
#2263 = CARTESIAN_POINT('',(92.625977456893,92.862494298627,
    23.008925937239));
#2264 = CARTESIAN_POINT('',(92.630864437632,92.188384396189,
    22.800937020374));
#2265 = CARTESIAN_POINT('',(92.633307652784,91.510706069111,
    22.605672762717));
#2266 = CARTESIAN_POINT('',(92.633307652784,90.062586525294,
    22.217650300408));
#2267 = CARTESIAN_POINT('',(92.630208913447,89.291231421579,
    22.028316468171));
#2268 = CARTESIAN_POINT('',(92.624011469464,88.515751631727,
    21.85522755701));
#2269 = CARTESIAN_POINT('',(92.614638140256,87.736357805148,
    21.698450919179));
#2270 = CARTESIAN_POINT('',(92.601934675475,86.953261638319,
    21.558064979501));
#2271 = CARTESIAN_POINT('',(92.585668536169,86.166678929346,
    21.434159329545));
#2272 = CARTESIAN_POINT('',(92.565526311614,85.376832778481,
    21.326834271034));
#2273 = CARTESIAN_POINT('',(92.475066062676,82.439326203482,
    20.991044838497));
#2274 = CARTESIAN_POINT('',(92.377709999155,80.271240936457,
    20.867856663562));
#2275 = CARTESIAN_POINT('',(92.241094831614,78.084227815592,
    20.869064952152));
#2276 = CARTESIAN_POINT('',(92.052718097528,75.884833537285,
    20.997797418072));
#2277 = CARTESIAN_POINT('',(91.795091241623,73.682242025758,
    21.25706733446));
#2278 = CARTESIAN_POINT('',(91.44475431916,71.488690741605,
    21.648449508895));
#2279 = CARTESIAN_POINT('',(90.971369543212,69.32003485688,
    22.170788713785));
#2280 = CARTESIAN_POINT('',(90.179599387175,66.679396929425,
    22.973265173135));
#2281 = CARTESIAN_POINT('',(90.014662148737,66.164457543196,
    23.137897482172));
#2282 = CARTESIAN_POINT('',(89.839683298171,65.653326640172,
    23.3094684631));
#2283 = CARTESIAN_POINT('',(89.654211847959,65.146635445993,23.487686938
    ));
#2284 = CARTESIAN_POINT('',(89.457796291116,64.644992427946,
    23.672219665146));
#2285 = CARTESIAN_POINT('',(89.249985161066,64.148983252371,
    23.86269293027));
#2286 = CARTESIAN_POINT('',(89.030327591499,63.659170742063,
    24.058694137851));
#2287 = CARTESIAN_POINT('',(88.670917195002,62.910648548387,
    24.370264823893));
#2288 = CARTESIAN_POINT('',(88.539767220361,62.647276918759,
    24.482272628059));
#2289 = CARTESIAN_POINT('',(88.404873389362,62.38611481695,
    24.595702083891));
#2290 = CARTESIAN_POINT('',(88.266188400907,62.127291915716,
    24.710454067118));
#2291 = CARTESIAN_POINT('',(88.123668303185,61.87093268565,
    24.826425417683));
#2292 = CARTESIAN_POINT('',(87.977272581091,61.617156392406,
    24.943509297262));
#2293 = CARTESIAN_POINT('',(87.826964243647,61.366077093937,
    25.061595546763));
#2294 = CARTESIAN_POINT('',(87.334149173813,60.572887697566,
    25.441701032671));
#2295 = CARTESIAN_POINT('',(86.976484513418,60.041335058456,
    25.707188005204));
#2296 = CARTESIAN_POINT('',(86.599600391296,59.524723643257,
    25.975642492344));
#2297 = CARTESIAN_POINT('',(86.203533026144,59.02443805854,
    26.245593463187));
#2298 = CARTESIAN_POINT('',(85.788484435827,58.541681786697,
    26.515516326739));
#2299 = CARTESIAN_POINT('',(85.354836478894,58.077489378055,
    26.783860933652));
#2300 = CARTESIAN_POINT('',(84.903164896112,57.632738642984,
    27.049079577947));
#2301 = CARTESIAN_POINT('',(84.042585487437,56.853527308589,
    27.527305896641));
#2302 = CARTESIAN_POINT('',(83.639064656693,56.513125682649,
    27.741620256203));
#2303 = CARTESIAN_POINT('',(83.224089557916,56.187293367316,
    27.951761927136));
#2304 = CARTESIAN_POINT('',(82.798144826327,55.876307963729,
    28.15691042063));
#2305 = CARTESIAN_POINT('',(82.361801901171,55.580390890839,
    28.356272309061));
#2306 = CARTESIAN_POINT('',(81.915719892675,55.299709003213,
    28.549092625685));
#2307 = CARTESIAN_POINT('',(81.460646449024,55.034376208835,
    28.734666264335));
#2308 = CARTESIAN_POINT('',(80.735937054233,54.643380299323,
    29.012647455096));
#2309 = CARTESIAN_POINT('',(80.471820146288,54.507196180909,
    29.110445552315));
#2310 = CARTESIAN_POINT('',(80.205174639479,54.375893367078,
    29.205642944935));
#2311 = CARTESIAN_POINT('',(79.936112182147,54.249460678773,
    29.298143441284));
#2312 = CARTESIAN_POINT('',(79.664749338754,54.127885185699,
    29.387855677138));
#2313 = CARTESIAN_POINT('',(79.391207597672,54.011152269565,
    29.474693408988));
#2314 = CARTESIAN_POINT('',(79.115613378957,53.89924568732,
    29.558575807312));
#2315 = CARTESIAN_POINT('',(77.904524812072,53.431865293447,
    29.911417074858));
#2316 = CARTESIAN_POINT('',(76.950228833358,53.126392350153,
    30.148814716045));
#2317 = CARTESIAN_POINT('',(75.978516771944,52.874157879874,
    30.349410448434));
#2318 = CARTESIAN_POINT('',(74.992865703993,52.673891338197,
    30.511440472605));
#2319 = CARTESIAN_POINT('',(73.996882283363,52.524616919183,
    30.633599498704));
#2320 = CARTESIAN_POINT('',(72.994261207445,52.425646984733,
    30.715050508747));
#2321 = CARTESIAN_POINT('',(71.988742981372,52.376574565087,
    30.7554321972));
#2322 = CARTESIAN_POINT('',(70.298012395717,52.377736359015,
    30.754476147379));
#2323 = CARTESIAN_POINT('',(69.611856359491,52.401412779282,
    30.73499255392));
#2324 = CARTESIAN_POINT('',(68.92670333929,52.448309129009,
    30.696403479434));
#2325 = CARTESIAN_POINT('',(68.243653580601,52.518515943451,
    30.638788807895));
#2326 = CARTESIAN_POINT('',(67.563803296865,52.612200037923,
    30.562318384377));
#2327 = CARTESIAN_POINT('',(66.888240859311,52.729605190369,
    30.467252262158));
#2328 = CARTESIAN_POINT('',(66.218042986804,52.871052823929,
    30.353940949825));
#2329 = CARTESIAN_POINT('',(65.249658918662,53.11307130395,
    30.162655463912));
#2330 = CARTESIAN_POINT('',(64.946421230431,53.194342152051,
    30.098739819532));
#2331 = CARTESIAN_POINT('',(64.644691414385,53.280784835047,
    30.031128750275));
#2332 = CARTESIAN_POINT('',(64.344600242339,53.372429781602,
    29.959877933029));
#2333 = CARTESIAN_POINT('',(64.046275714527,53.4693082478,
    29.885048696523));
#2334 = CARTESIAN_POINT('',(63.749843059606,53.571452317147,
    29.806708021333));
#2335 = CARTESIAN_POINT('',(63.455424734648,53.678894900573,
    29.724928539873));
#2336 = CARTESIAN_POINT('',(62.886528608138,53.898397505406,
    29.559213800457));
#2337 = CARTESIAN_POINT('',(62.611825077567,54.009902150108,
    29.475628279928));
#2338 = CARTESIAN_POINT('',(62.339159831491,54.126201324541,
    29.389106327712));
#2339 = CARTESIAN_POINT('',(62.068657999744,54.247311147129,
    29.299727926093));
#2340 = CARTESIAN_POINT('',(61.800439851625,54.37324613856,
    29.207578398824));
#2341 = CARTESIAN_POINT('',(61.534620803598,54.504019159626,
    29.1127481232));
#2342 = CARTESIAN_POINT('',(61.271311426974,54.639641349067,
    29.015332242137));
#2343 = CARTESIAN_POINT('',(60.54992612936,55.028375771856,
    28.738886504328));
#2344 = CARTESIAN_POINT('',(60.097288700375,55.291863530739,
    28.554535571705));
#2345 = CARTESIAN_POINT('',(59.65352714568,55.570524755436,
    28.363009400314));
#2346 = CARTESIAN_POINT('',(59.219376286612,55.864248914275,
    28.164999639705));
#2347 = CARTESIAN_POINT('',(58.795484624143,56.17287395505,
    27.961246726582));
#2348 = CARTESIAN_POINT('',(58.38241517421,56.496184733535,
    27.75252884433));
#2349 = CARTESIAN_POINT('',(57.980646303043,56.833911442002,
    27.539650882557));
#2350 = CARTESIAN_POINT('',(57.13415594456,57.597380820457,
    27.070442119818));
#2351 = CARTESIAN_POINT('',(56.693975207912,58.028121606065,
    26.813002900833));
#2352 = CARTESIAN_POINT('',(56.270762035559,58.477279638916,
    26.552509005867));
#2353 = CARTESIAN_POINT('',(55.865061579418,58.944054202658,
    26.290382180223));
#2354 = CARTESIAN_POINT('',(55.477244573649,59.427504128506,
    26.028048093662));
#2355 = CARTESIAN_POINT('',(55.107519447979,59.926537303501,
    25.766911785756));
#2356 = CARTESIAN_POINT('',(54.755944441033,60.43990017878,
    25.508333111245));
#2357 = CARTESIAN_POINT('',(54.268038033366,61.209811573426,
    25.135670174994));
#2358 = CARTESIAN_POINT('',(54.117492958171,61.456247859489,
    25.018550262842));
#2359 = CARTESIAN_POINT('',(53.970775718452,61.705371049148,
    24.90235373542));
#2360 = CARTESIAN_POINT('',(53.827853874068,61.957070933724,
    24.787189148783));
#2361 = CARTESIAN_POINT('',(53.688691399097,62.211232184533,
    24.673161974861));
#2362 = CARTESIAN_POINT('',(53.553248766585,62.467734354664,
    24.560374247787));
#2363 = CARTESIAN_POINT('',(53.421483033289,62.726451880768,
    24.448924210213));
#2364 = CARTESIAN_POINT('',(53.06917843867,63.443521664341,
    24.146431509232));
#2365 = CARTESIAN_POINT('',(52.856174327755,63.906061049242,
    23.958385126326));
#2366 = CARTESIAN_POINT('',(52.653965491752,64.374399325341,
    23.775169289401));
#2367 = CARTESIAN_POINT('',(52.462178486748,64.848042505362,
    23.59715611575));
#2368 = CARTESIAN_POINT('',(52.280437049089,65.326475572101,
    23.424685814627));
#2369 = CARTESIAN_POINT('',(52.10836261961,65.809162521563,
    23.258065140389));
#2370 = CARTESIAN_POINT('',(51.945574867886,66.295546406097,
    23.097565845647));
#2371 = CARTESIAN_POINT('',(51.220449080492,68.602182172435,
    22.371214604477));
#2372 = CARTESIAN_POINT('',(50.773484473429,70.457334797228,
    21.888165718407));
#2373 = CARTESIAN_POINT('',(50.425169143643,72.33634386079,
    21.50049806904));
#2374 = CARTESIAN_POINT('',(50.154982055053,74.227858246819,
    21.210261847761));
#2375 = CARTESIAN_POINT('',(49.946277745203,76.122491286676,
    21.017431206362));
#2376 = CARTESIAN_POINT('',(49.785819823281,78.012511366277,
    20.920666099405));
#2377 = CARTESIAN_POINT('',(49.66334135968,79.891664728288,
    20.917963555087));
#2378 = CARTESIAN_POINT('',(49.571156476357,81.757017264797,
    21.007193726409));
#2379 = CARTESIAN_POINT('',(49.571055088897,81.759069557533,
    21.007292011299));
#2380 = CARTESIAN_POINT('',(49.57095373811,81.761121834886,
    21.007390407781));
#2381 = CARTESIAN_POINT('',(49.570852423986,81.76317409685,
    21.007488915854));
#2382 = CARTESIAN_POINT('',(49.570751146516,81.765226343422,
    21.007587535516));
#2383 = CARTESIAN_POINT('',(49.57064990569,81.767278574597,
    21.007686266763));
#2384 = CARTESIAN_POINT('',(49.570548701497,81.76933079037,
    21.007785109595));
#2385 = CARTESIAN_POINT('',(49.570393344802,81.772482225837,
    21.007937067685));
#2386 = CARTESIAN_POINT('',(49.570339166184,81.773581456517,
    21.007990103376));
#2387 = CARTESIAN_POINT('',(49.570284998072,81.774680682777,
    21.00804317108));
#2388 = CARTESIAN_POINT('',(49.570230840464,81.775779904614,
    21.008096270796));
#2389 = CARTESIAN_POINT('',(49.570176693359,81.776879122029,
    21.008149402526));
#2390 = CARTESIAN_POINT('',(49.570122556756,81.777978335021,
    21.008202566268));
#2391 = CARTESIAN_POINT('',(49.570068430653,81.779077543589,
    21.008255762022));
#2392 = CARTESIAN_POINT('',(49.569941292326,81.781659996028,
    21.008380814474));
#2393 = CARTESIAN_POINT('',(49.56986828872,81.783143236266,
    21.008452697448));
#2394 = CARTESIAN_POINT('',(49.569795304226,81.784626468446,
    21.00852463871));
#2395 = CARTESIAN_POINT('',(49.56972233884,81.786109692566,
    21.008596638258));
#2396 = CARTESIAN_POINT('',(49.569649392558,81.787592908624,
    21.008668696091));
#2397 = CARTESIAN_POINT('',(49.569576465378,81.789076116618,
    21.00874081221));
#2398 = CARTESIAN_POINT('',(49.569503557294,81.790559316547,
    21.008812986612));
#2399 = CARTESIAN_POINT('',(49.569364749766,81.793383861041,
    21.008950544295));
#2400 = CARTESIAN_POINT('',(49.569298846844,81.794725207075,
    21.00901591696));
#2401 = CARTESIAN_POINT('',(49.569232959535,81.79606654651,
    21.009081337294));
#2402 = CARTESIAN_POINT('',(49.569167087837,81.797407879345,
    21.009146805296));
#2403 = CARTESIAN_POINT('',(49.569101231746,81.798749205577,
    21.009212320964));
#2404 = CARTESIAN_POINT('',(49.569035391261,81.800090525206,
    21.009277884299));
#2405 = CARTESIAN_POINT('',(49.568969566377,81.80143183823,21.0093434953
    ));
#2406 = CARTESIAN_POINT('',(49.568842577527,81.804020089459,
    21.009470193511));
#2407 = CARTESIAN_POINT('',(49.568781411442,81.805267028562,
    21.00953127425));
#2408 = CARTESIAN_POINT('',(49.568720258837,81.806513961954,
    21.009592396184));
#2409 = CARTESIAN_POINT('',(49.568659119709,81.807760889634,
    21.009653559311));
#2410 = CARTESIAN_POINT('',(49.568597994056,81.809007811602,
    21.009714763632));
#2411 = CARTESIAN_POINT('',(49.568536881876,81.810254727857,
    21.009776009145));
#2412 = CARTESIAN_POINT('',(49.568475783167,81.811501638397,
    21.00983729585));
#2413 = CARTESIAN_POINT('',(49.568353544244,81.813996845092,
    21.009960020357));
#2414 = CARTESIAN_POINT('',(49.568292404061,81.815245141234,
    21.01002145825));
#2415 = CARTESIAN_POINT('',(49.568231277374,81.816493431646,
    21.010082937428));
#2416 = CARTESIAN_POINT('',(49.568170164181,81.817741716328,
    21.010144457888));
#2417 = CARTESIAN_POINT('',(49.56810906448,81.818989995278,
    21.010206019631));
#2418 = CARTESIAN_POINT('',(49.568047978269,81.820238268495,
    21.010267622657));
#2419 = CARTESIAN_POINT('',(49.567986905545,81.821486535979,
    21.010329266964));
#2420 = CARTESIAN_POINT('',(49.567820004713,81.824898565514,
    21.010497879876));
#2421 = CARTESIAN_POINT('',(49.567714203638,81.827062316068,
    21.01060493124));
#2422 = CARTESIAN_POINT('',(49.567608443072,81.829226049385,
    21.010712106642));
#2423 = CARTESIAN_POINT('',(49.567502723002,81.831389765459,
    21.010819406079));
#2424 = CARTESIAN_POINT('',(49.567397043417,81.833553464285,
    21.010926829549));
#2425 = CARTESIAN_POINT('',(49.567291404305,81.835717145856,
    21.011034377049));
#2426 = CARTESIAN_POINT('',(49.567185805655,81.837880810169,
    21.011142048576));
#2427 = CARTESIAN_POINT('',(49.567045015672,81.840766609952,
    21.011285822665));
#2428 = CARTESIAN_POINT('',(49.567009788396,81.841488760764,
    21.011321815018));
#2429 = CARTESIAN_POINT('',(49.566974565625,81.842210909652,
    21.011357821186));
#2430 = CARTESIAN_POINT('',(49.566939347359,81.842933056616,
    21.011393841171));
#2431 = CARTESIAN_POINT('',(49.566904133598,81.843655201657,
    21.011429874972));
#2432 = CARTESIAN_POINT('',(49.566868924342,81.844377344773,
    21.01146592259));
#2433 = CARTESIAN_POINT('',(49.566833719589,81.845099485966,
    21.011501984023));
#2434 = CARTESIAN_POINT('',(49.566753899465,81.846737009789,
    21.011583788298));
#2435 = CARTESIAN_POINT('',(49.566709286825,81.847652391253,
    21.011629539524));
#2436 = CARTESIAN_POINT('',(49.566664681422,81.848567769624,
    21.011675312949));
#2437 = CARTESIAN_POINT('',(49.566620083253,81.849483144902,
    21.011721108573));
#2438 = CARTESIAN_POINT('',(49.566575492317,81.850398517086,
    21.011766926397));
#2439 = CARTESIAN_POINT('',(49.566530908615,81.851313886176,
    21.011812766419));
#2440 = CARTESIAN_POINT('',(49.566486332144,81.852229252171,
    21.011858628639));
#2441 = CARTESIAN_POINT('',(49.566350163275,81.85502588799,
    21.011998815672));
#2442 = CARTESIAN_POINT('',(49.566258594188,81.856907147836,
    21.01209321205));
#2443 = CARTESIAN_POINT('',(49.566167055638,81.858788394606,
    21.012187702191));
#2444 = CARTESIAN_POINT('',(49.566075547616,81.860669628296,
    21.012282286093));
#2445 = CARTESIAN_POINT('',(49.565984070115,81.862550848903,
    21.012376963755));
#2446 = CARTESIAN_POINT('',(49.565892623127,81.864432056423,
    21.012471735174));
#2447 = CARTESIAN_POINT('',(49.565801206645,81.866313250851,
    21.012566600349));
#2448 = CARTESIAN_POINT('',(49.565479496197,81.872935663404,
    21.012900888806));
#2449 = CARTESIAN_POINT('',(49.565249365462,81.877676811445,
    21.013140813876));
#2450 = CARTESIAN_POINT('',(49.565019428333,81.88241787625,
    21.013381334462));
#2451 = CARTESIAN_POINT('',(49.564789684689,81.887158857763,
    21.013622450536));
#2452 = CARTESIAN_POINT('',(49.564560134409,81.891899755925,
    21.013864162074));
#2453 = CARTESIAN_POINT('',(49.56433077737,81.896640570679,
    21.014106469049));
#2454 = CARTESIAN_POINT('',(49.564101613453,81.901381301965,
    21.014349371434));
#2455 = CARTESIAN_POINT('',(49.56379766311,81.907674334846,
    21.01467260563));
#2456 = CARTESIAN_POINT('',(49.56372270438,81.909226711009,21.0147524059
    ));
#2457 = CARTESIAN_POINT('',(49.563647766342,81.910779078213,
    21.014832270014));
#2458 = CARTESIAN_POINT('',(49.563572848991,81.912331436456,
    21.01491219797));
#2459 = CARTESIAN_POINT('',(49.563497952323,81.913883785737,
    21.014992189768));
#2460 = CARTESIAN_POINT('',(49.563423076334,81.915436126053,
    21.015072245406));
#2461 = CARTESIAN_POINT('',(49.563348221019,81.916988457402,
    21.015152364883));
#2462 = CARTESIAN_POINT('',(49.563207819461,81.919900858232,
    21.015302801389));
#2463 = CARTESIAN_POINT('',(49.563142268415,81.921260929796,
    21.015373103586));
#2464 = CARTESIAN_POINT('',(49.563076733233,81.922620994473,
    21.015443454787));
#2465 = CARTESIAN_POINT('',(49.563011213914,81.923981052263,
    21.015513854993));
#2466 = CARTESIAN_POINT('',(49.562945710453,81.925341103164,
    21.015584304203));
#2467 = CARTESIAN_POINT('',(49.562880222849,81.926701147175,
    21.015654802415));
#2468 = CARTESIAN_POINT('',(49.562814751097,81.928061184295,
    21.015725349631));
#2469 = CARTESIAN_POINT('',(49.562688442201,81.930685606458,
    21.01586157769));
#2470 = CARTESIAN_POINT('',(49.562627602905,81.931949992437,
    21.015927251884));
#2471 = CARTESIAN_POINT('',(49.562566777307,81.933214372458,
    21.015992968431));
#2472 = CARTESIAN_POINT('',(49.562505965403,81.934478746519,
    21.016058727329));
#2473 = CARTESIAN_POINT('',(49.562445167192,81.935743114619,
    21.016124528578));
#2474 = CARTESIAN_POINT('',(49.562384382671,81.937007476757,
    21.016190372177));
#2475 = CARTESIAN_POINT('',(49.562323611839,81.938271832931,
    21.016256258127));
#2476 = CARTESIAN_POINT('',(49.54398943114,82.319804319399,
    21.036150894738));
#2477 = CARTESIAN_POINT('',(49.526954005281,82.69953260824,
    21.059810430259));
#2478 = CARTESIAN_POINT('',(49.511094304709,83.078691731542,
    21.087287218523));
#2479 = CARTESIAN_POINT('',(49.496352758583,83.457253322007,
    21.118567983025));
#2480 = CARTESIAN_POINT('',(49.482676379572,83.835189948234,
    21.153639808189));
#2481 = CARTESIAN_POINT('',(49.470016645809,84.212475099798,
    21.192490202324));
#2482 = CARTESIAN_POINT('',(49.458329382833,84.589083172317,
    21.235107160586));
#2483 = CARTESIAN_POINT('',(49.426288875348,85.70898295739,
    21.373258798355));
#2484 = CARTESIAN_POINT('',(49.408656087237,86.450225714922,
    21.479747793576));
#2485 = CARTESIAN_POINT('',(49.394366693416,87.188526457273,
    21.600857330623));
#2486 = CARTESIAN_POINT('',(49.383176571586,87.923701502203,
    21.736506297672));
#2487 = CARTESIAN_POINT('',(49.374904361451,88.65557234449,
    21.886622001977));
#2488 = CARTESIAN_POINT('',(49.369429693096,89.383963345692,
    22.051140447283));
#2489 = CARTESIAN_POINT('',(49.366692347216,90.108699522246,
    22.230006240701));
#2490 = CARTESIAN_POINT('',(49.366692347216,91.53884724348,
    22.613213167663));
#2491 = CARTESIAN_POINT('',(49.369341613413,92.244380937759,
    22.817095260177));
#2492 = CARTESIAN_POINT('',(49.374640815578,92.946037570938,
    23.034773089304));
#2493 = CARTESIAN_POINT('',(49.382645894115,93.643646450898,
    23.266209087038));
#2494 = CARTESIAN_POINT('',(49.393469280802,94.337032379876,
    23.511372316152));
#2495 = CARTESIAN_POINT('',(49.407281119528,95.02601389711,
    23.77023735168));
#2496 = CARTESIAN_POINT('',(49.424310487042,95.710401521489,
    24.042783162395));
#2497 = CARTESIAN_POINT('',(49.455691719567,96.748889087444,
    24.480138560421));
#2498 = CARTESIAN_POINT('',(49.467514846245,97.10644502895,
    24.635095399614));
#2499 = CARTESIAN_POINT('',(49.480358688362,97.462634471833,
    24.793859843493));
#2500 = CARTESIAN_POINT('',(49.494270655522,97.817426908327,
    24.95642927203));
#2501 = CARTESIAN_POINT('',(49.509303006955,98.170790690805,
    25.122801041278));
#2502 = CARTESIAN_POINT('',(49.52551298617,98.522693052798,
    25.292972413105));
#2503 = CARTESIAN_POINT('',(49.54296295562,98.873100130005,
    25.466940484917));
#2504 = CARTESIAN_POINT('',(49.561720531361,99.221976981316,
    25.644702119399));
#2505 = PCURVE('',#181,#2506);
#2506 = DEFINITIONAL_REPRESENTATION('',(#2507),#2762);
#2507 = B_SPLINE_CURVE_WITH_KNOTS('',8,(#2508,#2509,#2510,#2511,#2512,
    #2513,#2514,#2515,#2516,#2517,#2518,#2519,#2520,#2521,#2522,#2523,
    #2524,#2525,#2526,#2527,#2528,#2529,#2530,#2531,#2532,#2533,#2534,
    #2535,#2536,#2537,#2538,#2539,#2540,#2541,#2542,#2543,#2544,#2545,
    #2546,#2547,#2548,#2549,#2550,#2551,#2552,#2553,#2554,#2555,#2556,
    #2557,#2558,#2559,#2560,#2561,#2562,#2563,#2564,#2565,#2566,#2567,
    #2568,#2569,#2570,#2571,#2572,#2573,#2574,#2575,#2576,#2577,#2578,
    #2579,#2580,#2581,#2582,#2583,#2584,#2585,#2586,#2587,#2588,#2589,
    #2590,#2591,#2592,#2593,#2594,#2595,#2596,#2597,#2598,#2599,#2600,
    #2601,#2602,#2603,#2604,#2605,#2606,#2607,#2608,#2609,#2610,#2611,
    #2612,#2613,#2614,#2615,#2616,#2617,#2618,#2619,#2620,#2621,#2622,
    #2623,#2624,#2625,#2626,#2627,#2628,#2629,#2630,#2631,#2632,#2633,
    #2634,#2635,#2636,#2637,#2638,#2639,#2640,#2641,#2642,#2643,#2644,
    #2645,#2646,#2647,#2648,#2649,#2650,#2651,#2652,#2653,#2654,#2655,
    #2656,#2657,#2658,#2659,#2660,#2661,#2662,#2663,#2664,#2665,#2666,
    #2667,#2668,#2669,#2670,#2671,#2672,#2673,#2674,#2675,#2676,#2677,
    #2678,#2679,#2680,#2681,#2682,#2683,#2684,#2685,#2686,#2687,#2688,
    #2689,#2690,#2691,#2692,#2693,#2694,#2695,#2696,#2697,#2698,#2699,
    #2700,#2701,#2702,#2703,#2704,#2705,#2706,#2707,#2708,#2709,#2710,
    #2711,#2712,#2713,#2714,#2715,#2716,#2717,#2718,#2719,#2720,#2721,
    #2722,#2723,#2724,#2725,#2726,#2727,#2728,#2729,#2730,#2731,#2732,
    #2733,#2734,#2735,#2736,#2737,#2738,#2739,#2740,#2741,#2742,#2743,
    #2744,#2745,#2746,#2747,#2748,#2749,#2750,#2751,#2752,#2753,#2754,
    #2755,#2756,#2757,#2758,#2759,#2760,#2761),.UNSPECIFIED.,.F.,.F.,(9,
    7,7,7,7,7,7,7,7,7,7,7,7,7,7,7,7,7,7,7,7,7,7,7,7,7,7,7,7,7,7,7,7,7,7,
    7,9),(0.,2.840220696553E-02,7.644076211866E-02,0.130539049363,
    0.276868200662,0.312585832337,0.332212380634,0.375289152436,
    0.411269898558,0.431580211175,0.499904954486,0.546561750606,
    0.567973047978,0.588236256362,0.624044849462,0.665943688725,
    0.685341468287,0.71927744655,0.84525457565,0.845393331542,
    0.845467654375,0.845567944405,0.845658643592,0.845742962043,
    0.845827374966,0.845973698414,0.846022536268,0.846084443187,
    0.846211675577,0.846532345452,0.846637352861,0.84672935586,
    0.846814889143,0.872540025926,0.923455202623,0.973546723136,1.),
  .UNSPECIFIED.);
#2508 = CARTESIAN_POINT('',(2.915132277755,8.940202705164));
#2509 = CARTESIAN_POINT('',(2.919214943572,8.528428398664));
#2510 = CARTESIAN_POINT('',(2.923074291969,8.116080576238));
#2511 = CARTESIAN_POINT('',(2.926711614901,7.703202102109));
#2512 = CARTESIAN_POINT('',(2.930128083815,7.289834408186));
#2513 = CARTESIAN_POINT('',(2.933324756274,6.876017491218));
#2514 = CARTESIAN_POINT('',(2.936302582581,6.461789909939));
#2515 = CARTESIAN_POINT('',(2.939062412399,6.047188782221));
#2516 = CARTESIAN_POINT('',(2.945905452426,4.930435656959));
#2517 = CARTESIAN_POINT('',(2.949584424346,4.227658318792));
#2518 = CARTESIAN_POINT('',(2.952645563518,3.524087522523));
#2519 = CARTESIAN_POINT('',(2.955091716247,2.819889120883));
#2520 = CARTESIAN_POINT('',(2.956924966806,2.115225065546));
#2521 = CARTESIAN_POINT('',(2.958146675477,1.410253408169));
#2522 = CARTESIAN_POINT('',(2.958757516597,0.705128301419));
#2523 = CARTESIAN_POINT('',(2.958757516597,-0.794075368681));
#2524 = CARTESIAN_POINT('',(2.957982833334,-1.588150386267));
#2525 = CARTESIAN_POINT('',(2.956433469148,-2.382005049753));
#2526 = CARTESIAN_POINT('',(2.95410831343,-3.175418455392));
#2527 = CARTESIAN_POINT('',(2.951005154719,-3.968165822255));
#2528 = CARTESIAN_POINT('',(2.947120640805,-4.76001551737));
#2529 = CARTESIAN_POINT('',(2.942450186809,-5.550726082444));
#2530 = CARTESIAN_POINT('',(2.922212837561,-8.475048248414));
#2531 = CARTESIAN_POINT('',(2.901635107575,-10.60114124723));
#2532 = CARTESIAN_POINT('',(2.875124348922,-12.71332097502));
#2533 = CARTESIAN_POINT('',(2.842483566386,-14.8044542967));
#2534 = CARTESIAN_POINT('',(2.803464999289,-16.86489033029));
#2535 = CARTESIAN_POINT('',(2.757746360679,-18.88240100627));
#2536 = CARTESIAN_POINT('',(2.70490272891,-20.84197039944));
#2537 = CARTESIAN_POINT('',(2.629465217718,-23.18493458052));
#2538 = CARTESIAN_POINT('',(2.614211680643,-23.63971785563));
#2539 = CARTESIAN_POINT('',(2.598507077743,-24.08902655802));
#2540 = CARTESIAN_POINT('',(2.582353184451,-24.53232633294));
#2541 = CARTESIAN_POINT('',(2.565751729559,-24.96911569542));
#2542 = CARTESIAN_POINT('',(2.548704182805,-25.39892565959));
#2543 = CARTESIAN_POINT('',(2.531211542452,-25.82131936795));
#2544 = CARTESIAN_POINT('',(2.503417656605,-26.46369585893));
#2545 = CARTESIAN_POINT('',(2.493428397774,-26.68910356498));
#2546 = CARTESIAN_POINT('',(2.483308185664,-26.91200908052));
#2547 = CARTESIAN_POINT('',(2.47305888675,-27.13231280653));
#2548 = CARTESIAN_POINT('',(2.462682382416,-27.34992121345));
#2549 = CARTESIAN_POINT('',(2.452180556667,-27.56474675129));
#2550 = CARTESIAN_POINT('',(2.441555283845,-27.77670775979));
#2551 = CARTESIAN_POINT('',(2.407220959626,-28.44449134398));
#2552 = CARTESIAN_POINT('',(2.383041058976,-28.88921868141));
#2553 = CARTESIAN_POINT('',(2.358305816174,-29.31874585549));
#2554 = CARTESIAN_POINT('',(2.333053211724,-29.73211616979));
#2555 = CARTESIAN_POINT('',(2.30732237714,-30.12856174277));
#2556 = CARTESIAN_POINT('',(2.281153867223,-30.50748448373));
#2557 = CARTESIAN_POINT('',(2.254589932346,-30.86843706873));
#2558 = CARTESIAN_POINT('',(2.205193373553,-31.49732334162));
#2559 = CARTESIAN_POINT('',(2.182476992595,-31.77065742553));
#2560 = CARTESIAN_POINT('',(2.159547579836,-32.03099860734));
#2561 = CARTESIAN_POINT('',(2.136427687555,-32.27829110307));
#2562 = CARTESIAN_POINT('',(2.113140673307,-32.51252639262));
#2563 = CARTESIAN_POINT('',(2.089710884914,-32.73373870663));
#2564 = CARTESIAN_POINT('',(2.06616384544,-32.94200051333));
#2565 = CARTESIAN_POINT('',(2.029183659529,-33.24772673395));
#2566 = CARTESIAN_POINT('',(2.015810200975,-33.35395848092));
#2567 = CARTESIAN_POINT('',(2.00240872531,-33.45614836161));
#2568 = CARTESIAN_POINT('',(1.988981922366,-33.5543320704));
#2569 = CARTESIAN_POINT('',(1.975532522148,-33.64854574378));
#2570 = CARTESIAN_POINT('',(1.962063307966,-33.73882582342));
#2571 = CARTESIAN_POINT('',(1.948577129574,-33.82520891911));
#2572 = CARTESIAN_POINT('',(1.889661632771,-34.18534167231));
#2573 = CARTESIAN_POINT('',(1.844137052275,-34.41896284667));
#2574 = CARTESIAN_POINT('',(1.798528855043,-34.61068463988));
#2575 = CARTESIAN_POINT('',(1.752861381598,-34.76219080849));
#2576 = CARTESIAN_POINT('',(1.707158229811,-34.87476174254));
#2577 = CARTESIAN_POINT('',(1.66144285906,-34.94927828561));
#2578 = CARTESIAN_POINT('',(1.615739201492,-34.98622705306));
#2579 = CARTESIAN_POINT('',(1.53888779109,-34.9853522902));
#2580 = CARTESIAN_POINT('',(1.50769806589,-34.96752534945));
#2581 = CARTESIAN_POINT('',(1.476506918995,-34.93221454149));
#2582 = CARTESIAN_POINT('',(1.445318085078,-34.87931174052));
#2583 = CARTESIAN_POINT('',(1.414135312326,-34.80861185615));
#2584 = CARTESIAN_POINT('',(1.382962455497,-34.71981211023));
#2585 = CARTESIAN_POINT('',(1.35180356896,-34.61251131357));
#2586 = CARTESIAN_POINT('',(1.306372263067,-34.42824774008));
#2587 = CARTESIAN_POINT('',(1.292086385292,-34.36628871502));
#2588 = CARTESIAN_POINT('',(1.277807229093,-34.30029052741));
#2589 = CARTESIAN_POINT('',(1.26353663598,-34.23020937516));
#2590 = CARTESIAN_POINT('',(1.249276426302,-34.15599919419));
#2591 = CARTESIAN_POINT('',(1.235028399249,-34.07761165835));
#2592 = CARTESIAN_POINT('',(1.22079433285,-33.99499617948));
#2593 = CARTESIAN_POINT('',(1.193120033073,-33.82586307514));
#2594 = CARTESIAN_POINT('',(1.179678024909,-33.73979138368));
#2595 = CARTESIAN_POINT('',(1.166252856316,-33.64984853658));
#2596 = CARTESIAN_POINT('',(1.152847345769,-33.55599826368));
#2597 = CARTESIAN_POINT('',(1.1394642463,-33.45820445568));
#2598 = CARTESIAN_POINT('',(1.126106258423,-33.35643129863));
#2599 = CARTESIAN_POINT('',(1.11277604305,-33.25064340855));
#2600 = CARTESIAN_POINT('',(1.075973172784,-32.94670421189));
#2601 = CARTESIAN_POINT('',(1.05255928323,-32.73990811302));
#2602 = CARTESIAN_POINT('',(1.029260928271,-32.52031266009));
#2603 = CARTESIAN_POINT('',(1.006103143228,-32.28784560642));
#2604 = CARTESIAN_POINT('',(0.983109816793,-32.04247184331));
#2605 = CARTESIAN_POINT('',(0.960303871603,-31.78419777544));
#2606 = CARTESIAN_POINT('',(0.937707444801,-31.51307569629));
#2607 = CARTESIAN_POINT('',(0.889172838803,-30.89706106999));
#2608 = CARTESIAN_POINT('',(0.86333282216,-30.54762759356));
#2609 = CARTESIAN_POINT('',(0.837862979129,-30.18119503069));
#2610 = CARTESIAN_POINT('',(0.812802473386,-29.79816883923));
#2611 = CARTESIAN_POINT('',(0.788188918302,-29.39908912792));
#2612 = CARTESIAN_POINT('',(0.764058623403,-28.98464714587));
#2613 = CARTESIAN_POINT('',(0.740446840835,-28.555701772));
#2614 = CARTESIAN_POINT('',(0.706712535126,-27.90847673726));
#2615 = CARTESIAN_POINT('',(0.696154421284,-27.70075042784));
#2616 = CARTESIAN_POINT('',(0.685715569217,-27.4901897793));
#2617 = CARTESIAN_POINT('',(0.675397895886,-27.27687314865));
#2618 = CARTESIAN_POINT('',(0.66520332485,-27.06088463673));
#2619 = CARTESIAN_POINT('',(0.655133774814,-26.84231417792));
#2620 = CARTESIAN_POINT('',(0.645191148198,-26.62125763004));
#2621 = CARTESIAN_POINT('',(0.61820824783,-26.00691227886));
#2622 = CARTESIAN_POINT('',(0.601437468435,-25.60880352656));
#2623 = CARTESIAN_POINT('',(0.585065987646,-25.2038432382));
#2624 = CARTESIAN_POINT('',(0.569095346548,-24.79241225779));
#2625 = CARTESIAN_POINT('',(0.553527452401,-24.37492000112));
#2626 = CARTESIAN_POINT('',(0.538364409876,-23.95180481443));
#2627 = CARTESIAN_POINT('',(0.523608352297,-23.52353433307));
#2628 = CARTESIAN_POINT('',(0.456002048614,-21.48348880917));
#2629 = CARTESIAN_POINT('',(0.408524230964,-19.81657122861));
#2630 = CARTESIAN_POINT('',(0.366413818934,-18.1019236171));
#2631 = CARTESIAN_POINT('',(0.329390181398,-16.3499796825));
#2632 = CARTESIAN_POINT('',(0.297236654641,-14.56981294041));
#2633 = CARTESIAN_POINT('',(0.269779864889,-12.76923838592));
#2634 = CARTESIAN_POINT('',(0.246870576384,-10.95481509193));
#2635 = CARTESIAN_POINT('',(0.228362768811,-9.129928434048));
#2636 = CARTESIAN_POINT('',(0.228342411378,-9.127920633491));
#2637 = CARTESIAN_POINT('',(0.228322059272,-9.125912818909));
#2638 = CARTESIAN_POINT('',(0.228301712491,-9.12390499031));
#2639 = CARTESIAN_POINT('',(0.228281371036,-9.121897147698));
#2640 = CARTESIAN_POINT('',(0.228261034907,-9.119889291077));
#2641 = CARTESIAN_POINT('',(0.228240704103,-9.117881420454));
#2642 = CARTESIAN_POINT('',(0.228209491539,-9.114798037898));
#2643 = CARTESIAN_POINT('',(0.228198605982,-9.113722535948));
#2644 = CARTESIAN_POINT('',(0.228187721952,-9.112647029983));
#2645 = CARTESIAN_POINT('',(0.228176839451,-9.111571520003));
#2646 = CARTESIAN_POINT('',(0.228165958477,-9.11049600601));
#2647 = CARTESIAN_POINT('',(0.228155079031,-9.109420488003));
#2648 = CARTESIAN_POINT('',(0.228144201113,-9.108344965985));
#2649 = CARTESIAN_POINT('',(0.228118648297,-9.105818142523));
#2650 = CARTESIAN_POINT('',(0.228103974653,-9.104366837788));
#2651 = CARTESIAN_POINT('',(0.228089303791,-9.10291552575));
#2652 = CARTESIAN_POINT('',(0.22807463571,-9.101464206412));
#2653 = CARTESIAN_POINT('',(0.228059970411,-9.100012879776));
#2654 = CARTESIAN_POINT('',(0.228045307894,-9.098561545844));
#2655 = CARTESIAN_POINT('',(0.228030648158,-9.097110204617));
#2656 = CARTESIAN_POINT('',(0.228002735909,-9.094346301595));
#2657 = CARTESIAN_POINT('',(0.227989482889,-9.093033741128));
#2658 = CARTESIAN_POINT('',(0.227976232144,-9.091721174697));
#2659 = CARTESIAN_POINT('',(0.227962983674,-9.090408602305));
#2660 = CARTESIAN_POINT('',(0.227949737479,-9.089096023953));
#2661 = CARTESIAN_POINT('',(0.227936493558,-9.087783439643));
#2662 = CARTESIAN_POINT('',(0.227923251912,-9.086470849375));
#2663 = CARTESIAN_POINT('',(0.227897704566,-9.083937998757));
#2664 = CARTESIAN_POINT('',(0.227885398557,-9.082717739216));
#2665 = CARTESIAN_POINT('',(0.227873094513,-9.081497474529));
#2666 = CARTESIAN_POINT('',(0.227860792436,-9.080277204696));
#2667 = CARTESIAN_POINT('',(0.227848492324,-9.07905692972));
#2668 = CARTESIAN_POINT('',(0.227836194178,-9.077836649601));
#2669 = CARTESIAN_POINT('',(0.227823897997,-9.076616364341));
#2670 = CARTESIAN_POINT('',(0.227799295793,-9.074174416313));
#2671 = CARTESIAN_POINT('',(0.227786989773,-9.072952753534));
#2672 = CARTESIAN_POINT('',(0.227774685724,-9.071731085604));
#2673 = CARTESIAN_POINT('',(0.227762383644,-9.070509412524));
#2674 = CARTESIAN_POINT('',(0.227750083535,-9.069287734296));
#2675 = CARTESIAN_POINT('',(0.227737785395,-9.068066050921));
#2676 = CARTESIAN_POINT('',(0.227725489225,-9.0668443624));
#2677 = CARTESIAN_POINT('',(0.227691883954,-9.063504954719));
#2678 = CARTESIAN_POINT('',(0.227670578802,-9.061387225245));
#2679 = CARTESIAN_POINT('',(0.227649279568,-9.059269480318));
#2680 = CARTESIAN_POINT('',(0.227627986253,-9.057151719944));
#2681 = CARTESIAN_POINT('',(0.227606698857,-9.055033944128));
#2682 = CARTESIAN_POINT('',(0.227585417378,-9.052916152876));
#2683 = CARTESIAN_POINT('',(0.227564141817,-9.050798346195));
#2684 = CARTESIAN_POINT('',(0.227535773081,-9.047973666183));
#2685 = CARTESIAN_POINT('',(0.227528674648,-9.047266806558));
#2686 = CARTESIAN_POINT('',(0.227521576873,-9.046559945214));
#2687 = CARTESIAN_POINT('',(0.227514479758,-9.045853082152));
#2688 = CARTESIAN_POINT('',(0.227507383303,-9.045146217373));
#2689 = CARTESIAN_POINT('',(0.227500287506,-9.044439350877));
#2690 = CARTESIAN_POINT('',(0.227493192369,-9.043732482664));
#2691 = CARTESIAN_POINT('',(0.227477104922,-9.042129583607));
#2692 = CARTESIAN_POINT('',(0.227468113012,-9.041233551721));
#2693 = CARTESIAN_POINT('',(0.227459122162,-9.040337517078));
#2694 = CARTESIAN_POINT('',(0.227450132371,-9.039441479677));
#2695 = CARTESIAN_POINT('',(0.227441143639,-9.038545439518));
#2696 = CARTESIAN_POINT('',(0.227432155966,-9.037649396603));
#2697 = CARTESIAN_POINT('',(0.227423169353,-9.036753350931));
#2698 = CARTESIAN_POINT('',(0.227395716499,-9.034015725093));
#2699 = CARTESIAN_POINT('',(0.227377253673,-9.032174136041));
#2700 = CARTESIAN_POINT('',(0.227358795322,-9.030332535352));
#2701 = CARTESIAN_POINT('',(0.227340341443,-9.02849092303));
#2702 = CARTESIAN_POINT('',(0.227321892038,-9.02664929908));
#2703 = CARTESIAN_POINT('',(0.227303447106,-9.024807663504));
#2704 = CARTESIAN_POINT('',(0.227285006647,-9.022966016307));
#2705 = CARTESIAN_POINT('',(0.227220105564,-9.016482736771));
#2706 = CARTESIAN_POINT('',(0.22717366888,-9.011841042254));
#2707 = CARTESIAN_POINT('',(0.227127260608,-9.007199274006));
#2708 = CARTESIAN_POINT('',(0.227080880744,-9.002557432088));
#2709 = CARTESIAN_POINT('',(0.227034529287,-8.997915516564));
#2710 = CARTESIAN_POINT('',(0.226988206236,-8.993273527497));
#2711 = CARTESIAN_POINT('',(0.226941911588,-8.988631464948));
#2712 = CARTESIAN_POINT('',(0.226880494874,-8.982469202797));
#2713 = CARTESIAN_POINT('',(0.226865347452,-8.980949068739));
#2714 = CARTESIAN_POINT('',(0.226850203075,-8.979428926812));
#2715 = CARTESIAN_POINT('',(0.226835061743,-8.977908777016));
#2716 = CARTESIAN_POINT('',(0.226819923457,-8.976388619353));
#2717 = CARTESIAN_POINT('',(0.226804788216,-8.974868453827));
#2718 = CARTESIAN_POINT('',(0.226789656021,-8.973348280439));
#2719 = CARTESIAN_POINT('',(0.226761271356,-8.970496181428));
#2720 = CARTESIAN_POINT('',(0.22674801818,-8.969164257632));
#2721 = CARTESIAN_POINT('',(0.226734767341,-8.967832327804));
#2722 = CARTESIAN_POINT('',(0.226721518839,-8.966500391945));
#2723 = CARTESIAN_POINT('',(0.226708272675,-8.965168450057));
#2724 = CARTESIAN_POINT('',(0.226695028849,-8.963836502142));
#2725 = CARTESIAN_POINT('',(0.22668178736,-8.962504548201));
#2726 = CARTESIAN_POINT('',(0.226656240043,-8.959934292638));
#2727 = CARTESIAN_POINT('',(0.226643933898,-8.958695991834));
#2728 = CARTESIAN_POINT('',(0.226631629773,-8.957457685824));
#2729 = CARTESIAN_POINT('',(0.226619327668,-8.956219374609));
#2730 = CARTESIAN_POINT('',(0.226607027584,-8.954981058191));
#2731 = CARTESIAN_POINT('',(0.226594729519,-8.953742736571));
#2732 = CARTESIAN_POINT('',(0.226582433475,-8.952504409749));
#2733 = CARTESIAN_POINT('',(0.222872567551,-8.578823216652));
#2734 = CARTESIAN_POINT('',(0.219357721627,-8.205910317096));
#2735 = CARTESIAN_POINT('',(0.216024644871,-7.832559211525));
#2736 = CARTESIAN_POINT('',(0.212872460972,-7.458800736856));
#2737 = CARTESIAN_POINT('',(0.209900370044,-7.084664732583));
#2738 = CARTESIAN_POINT('',(0.207107644562,-6.710180038901));
#2739 = CARTESIAN_POINT('',(0.204493625289,-6.335374494823));
#2740 = CARTESIAN_POINT('',(0.197236569272,-5.217878094598));
#2741 = CARTESIAN_POINT('',(0.193113135722,-4.474331191492));
#2742 = CARTESIAN_POINT('',(0.189682803777,-3.729841982154));
#2743 = CARTESIAN_POINT('',(0.186942010036,-2.984608883293));
#2744 = CARTESIAN_POINT('',(0.18488814153,-2.238823131977));
#2745 = CARTESIAN_POINT('',(0.183519472514,-1.492670945364));
#2746 = CARTESIAN_POINT('',(0.182835136993,-0.74633568133));
#2747 = CARTESIAN_POINT('',(0.182835136993,0.734262188931));
#2748 = CARTESIAN_POINT('',(0.183497501672,1.468523974051));
#2749 = CARTESIAN_POINT('',(0.184822255679,2.2026114051));
#2750 = CARTESIAN_POINT('',(0.186810191973,2.936349882838));
#2751 = CARTESIAN_POINT('',(0.189462914386,3.669562172076));
#2752 = CARTESIAN_POINT('',(0.192782880177,4.402066414714));
#2753 = CARTESIAN_POINT('',(0.196773442588,5.13367414277));
#2754 = CARTESIAN_POINT('',(0.20390271285,6.249972009494));
#2755 = CARTESIAN_POINT('',(0.206554749476,6.63545030889));
#2756 = CARTESIAN_POINT('',(0.209395638777,7.020594152583));
#2757 = CARTESIAN_POINT('',(0.212426087644,7.405373394221));
#2758 = CARTESIAN_POINT('',(0.215646879009,7.789756780241));
#2759 = CARTESIAN_POINT('',(0.219058876506,8.173711951982));
#2760 = CARTESIAN_POINT('',(0.222663029118,8.557205447795));
#2761 = CARTESIAN_POINT('',(0.226460375835,8.940202705164));
#2762 = ( GEOMETRIC_REPRESENTATION_CONTEXT(2) 
PARAMETRIC_REPRESENTATION_CONTEXT() REPRESENTATION_CONTEXT('2D SPACE',''
  ) );
#2763 = PCURVE('',#95,#2764);
#2764 = DEFINITIONAL_REPRESENTATION('',(#2765),#3020);
#2765 = B_SPLINE_CURVE_WITH_KNOTS('',8,(#2766,#2767,#2768,#2769,#2770,
    #2771,#2772,#2773,#2774,#2775,#2776,#2777,#2778,#2779,#2780,#2781,
    #2782,#2783,#2784,#2785,#2786,#2787,#2788,#2789,#2790,#2791,#2792,
    #2793,#2794,#2795,#2796,#2797,#2798,#2799,#2800,#2801,#2802,#2803,
    #2804,#2805,#2806,#2807,#2808,#2809,#2810,#2811,#2812,#2813,#2814,
    #2815,#2816,#2817,#2818,#2819,#2820,#2821,#2822,#2823,#2824,#2825,
    #2826,#2827,#2828,#2829,#2830,#2831,#2832,#2833,#2834,#2835,#2836,
    #2837,#2838,#2839,#2840,#2841,#2842,#2843,#2844,#2845,#2846,#2847,
    #2848,#2849,#2850,#2851,#2852,#2853,#2854,#2855,#2856,#2857,#2858,
    #2859,#2860,#2861,#2862,#2863,#2864,#2865,#2866,#2867,#2868,#2869,
    #2870,#2871,#2872,#2873,#2874,#2875,#2876,#2877,#2878,#2879,#2880,
    #2881,#2882,#2883,#2884,#2885,#2886,#2887,#2888,#2889,#2890,#2891,
    #2892,#2893,#2894,#2895,#2896,#2897,#2898,#2899,#2900,#2901,#2902,
    #2903,#2904,#2905,#2906,#2907,#2908,#2909,#2910,#2911,#2912,#2913,
    #2914,#2915,#2916,#2917,#2918,#2919,#2920,#2921,#2922,#2923,#2924,
    #2925,#2926,#2927,#2928,#2929,#2930,#2931,#2932,#2933,#2934,#2935,
    #2936,#2937,#2938,#2939,#2940,#2941,#2942,#2943,#2944,#2945,#2946,
    #2947,#2948,#2949,#2950,#2951,#2952,#2953,#2954,#2955,#2956,#2957,
    #2958,#2959,#2960,#2961,#2962,#2963,#2964,#2965,#2966,#2967,#2968,
    #2969,#2970,#2971,#2972,#2973,#2974,#2975,#2976,#2977,#2978,#2979,
    #2980,#2981,#2982,#2983,#2984,#2985,#2986,#2987,#2988,#2989,#2990,
    #2991,#2992,#2993,#2994,#2995,#2996,#2997,#2998,#2999,#3000,#3001,
    #3002,#3003,#3004,#3005,#3006,#3007,#3008,#3009,#3010,#3011,#3012,
    #3013,#3014,#3015,#3016,#3017,#3018,#3019),.UNSPECIFIED.,.F.,.F.,(9,
    7,7,7,7,7,7,7,7,7,7,7,7,7,7,7,7,7,7,7,7,7,7,7,7,7,7,7,7,7,7,7,7,7,7,
    7,9),(0.,2.840220696553E-02,7.644076211866E-02,0.130539049363,
    0.276868200662,0.312585832337,0.332212380634,0.375289152436,
    0.411269898558,0.431580211175,0.499904954486,0.546561750606,
    0.567973047978,0.588236256362,0.624044849462,0.665943688725,
    0.685341468287,0.71927744655,0.84525457565,0.845393331542,
    0.845467654375,0.845567944405,0.845658643592,0.845742962043,
    0.845827374966,0.845973698414,0.846022536268,0.846084443187,
    0.846211675577,0.846532345452,0.846637352861,0.84672935586,
    0.846814889143,0.872540025926,0.923455202623,0.973546723136,1.),
  .UNSPECIFIED.);
#2766 = CARTESIAN_POINT('',(-7.627088831215,-69.43827946863));
#2767 = CARTESIAN_POINT('',(-7.617298747739,-69.45844642178));
#2768 = CARTESIAN_POINT('',(-7.607518311765,-69.47710188655));
#2769 = CARTESIAN_POINT('',(-7.597747032146,-69.49432989371));
#2770 = CARTESIAN_POINT('',(-7.587984397597,-69.51020745809));
#2771 = CARTESIAN_POINT('',(-7.578229875766,-69.5248047688));
#2772 = CARTESIAN_POINT('',(-7.56848291231,-69.53818537951));
#2773 = CARTESIAN_POINT('',(-7.558742929963,-69.55040639866));
#2774 = CARTESIAN_POINT('',(-7.53254623396,-69.58031362481));
#2775 = CARTESIAN_POINT('',(-7.516101470203,-69.5959368053));
#2776 = CARTESIAN_POINT('',(-7.499672059321,-69.60863376703));
#2777 = CARTESIAN_POINT('',(-7.483255014858,-69.61859910894));
#2778 = CARTESIAN_POINT('',(-7.466847320907,-69.62597745689));
#2779 = CARTESIAN_POINT('',(-7.450445912094,-69.63086443763));
#2780 = CARTESIAN_POINT('',(-7.434047653567,-69.63330765278));
#2781 = CARTESIAN_POINT('',(-7.399182451937,-69.63330765278));
#2782 = CARTESIAN_POINT('',(-7.38071559116,-69.63020891344));
#2783 = CARTESIAN_POINT('',(-7.362244258139,-69.62401146946));
#2784 = CARTESIAN_POINT('',(-7.343763994371,-69.61463814025));
#2785 = CARTESIAN_POINT('',(-7.325270392278,-69.60193467547));
#2786 = CARTESIAN_POINT('',(-7.306759127284,-69.58566853616));
#2787 = CARTESIAN_POINT('',(-7.288225993034,-69.56552631161));
#2788 = CARTESIAN_POINT('',(-7.219467004552,-69.47506606267));
#2789 = CARTESIAN_POINT('',(-7.169047288826,-69.37770999916));
#2790 = CARTESIAN_POINT('',(-7.118325971263,-69.24109483159));
#2791 = CARTESIAN_POINT('',(-7.06726297062,-69.05271809756));
#2792 = CARTESIAN_POINT('',(-7.015865603685,-68.79509124159));
#2793 = CARTESIAN_POINT('',(-6.96420101193,-68.44475431916));
#2794 = CARTESIAN_POINT('',(-6.912414137349,-67.97136954321));
#2795 = CARTESIAN_POINT('',(-6.848230883569,-67.17959938717));
#2796 = CARTESIAN_POINT('',(-6.8356597107,-67.01466214873));
#2797 = CARTESIAN_POINT('',(-6.823123315841,-66.83968329817));
#2798 = CARTESIAN_POINT('',(-6.810634716981,-66.65421184795));
#2799 = CARTESIAN_POINT('',(-6.798206821518,-66.45779629111));
#2800 = CARTESIAN_POINT('',(-6.785852475523,-66.24998516106));
#2801 = CARTESIAN_POINT('',(-6.773584513013,-66.03032759149));
#2802 = CARTESIAN_POINT('',(-6.754729199192,-65.670917195));
#2803 = CARTESIAN_POINT('',(-6.748073584623,-65.53976722036));
#2804 = CARTESIAN_POINT('',(-6.741452247856,-65.40487338936));
#2805 = CARTESIAN_POINT('',(-6.734868421324,-65.2661884009));
#2806 = CARTESIAN_POINT('',(-6.728325283882,-65.12366830318));
#2807 = CARTESIAN_POINT('',(-6.721825961143,-64.97727258109));
#2808 = CARTESIAN_POINT('',(-6.715373525808,-64.82696424364));
#2809 = CARTESIAN_POINT('',(-6.69491859178,-64.33414917381));
#2810 = CARTESIAN_POINT('',(-6.681102678126,-63.97648451341));
#2811 = CARTESIAN_POINT('',(-6.667566008199,-63.59960039129));
#2812 = CARTESIAN_POINT('',(-6.654348833102,-63.20353302614));
#2813 = CARTESIAN_POINT('',(-6.641488948208,-62.78848443582));
#2814 = CARTESIAN_POINT('',(-6.629021737493,-62.35483647889));
#2815 = CARTESIAN_POINT('',(-6.616980217876,-61.90316489611));
#2816 = CARTESIAN_POINT('',(-6.595718365449,-61.04258548743));
#2817 = CARTESIAN_POINT('',(-6.58636436422,-60.63906465669));
#2818 = CARTESIAN_POINT('',(-6.577348503776,-60.22408955791));
#2819 = CARTESIAN_POINT('',(-6.568685285157,-59.79814482632));
#2820 = CARTESIAN_POINT('',(-6.560388137749,-59.36180190117));
#2821 = CARTESIAN_POINT('',(-6.552469270506,-58.91571989267));
#2822 = CARTESIAN_POINT('',(-6.544939523184,-58.46064644902));
#2823 = CARTESIAN_POINT('',(-6.533782757763,-57.73593705423));
#2824 = CARTESIAN_POINT('',(-6.529883682988,-57.47182014628));
#2825 = CARTESIAN_POINT('',(-6.526112073652,-57.20517463947));
#2826 = CARTESIAN_POINT('',(-6.522468940914,-56.93611218214));
#2827 = CARTESIAN_POINT('',(-6.518955220837,-56.66474933875));
#2828 = CARTESIAN_POINT('',(-6.515571768566,-56.39120759767));
#2829 = CARTESIAN_POINT('',(-6.512319352498,-56.11561337895));
#2830 = CARTESIAN_POINT('',(-6.498700469212,-54.90452481207));
#2831 = CARTESIAN_POINT('',(-6.489704285455,-53.95022883335));
#2832 = CARTESIAN_POINT('',(-6.482210144789,-52.97851677194));
#2833 = CARTESIAN_POINT('',(-6.476219537463,-51.99286570399));
#2834 = CARTESIAN_POINT('',(-6.471733792801,-50.99688228336));
#2835 = CARTESIAN_POINT('',(-6.468752934476,-49.99426120744));
#2836 = CARTESIAN_POINT('',(-6.467274994625,-48.98874298137));
#2837 = CARTESIAN_POINT('',(-6.467309985131,-47.29801239571));
#2838 = CARTESIAN_POINT('',(-6.468023054094,-46.61185635949));
#2839 = CARTESIAN_POINT('',(-6.469435440128,-45.92670333929));
#2840 = CARTESIAN_POINT('',(-6.471547563142,-45.2436535806));
#2841 = CARTESIAN_POINT('',(-6.474359893043,-44.56380329686));
#2842 = CARTESIAN_POINT('',(-6.477873026269,-43.88824085931));
#2843 = CARTESIAN_POINT('',(-6.482087762309,-43.2180429868));
#2844 = CARTESIAN_POINT('',(-6.489261835339,-42.24965891866));
#2845 = CARTESIAN_POINT('',(-6.491666325201,-41.94642123043));
#2846 = CARTESIAN_POINT('',(-6.49421847979,-41.64469141438));
#2847 = CARTESIAN_POINT('',(-6.496918078372,-41.34460024233));
#2848 = CARTESIAN_POINT('',(-6.4997648495,-41.04627571452));
#2849 = CARTESIAN_POINT('',(-6.502758471017,-40.7498430596));
#2850 = CARTESIAN_POINT('',(-6.505898570055,-40.45542473464));
#2851 = CARTESIAN_POINT('',(-6.512294670154,-39.88652860813));
#2852 = CARTESIAN_POINT('',(-6.515535466005,-39.61182507756));
#2853 = CARTESIAN_POINT('',(-6.518906442248,-39.33915983149));
#2854 = CARTESIAN_POINT('',(-6.522406839324,-39.06865799974));
#2855 = CARTESIAN_POINT('',(-6.526035812175,-38.80043985162));
#2856 = CARTESIAN_POINT('',(-6.529792435973,-38.53462080359));
#2857 = CARTESIAN_POINT('',(-6.533675711845,-38.27131142697));
#2858 = CARTESIAN_POINT('',(-6.54476892274,-37.54992612936));
#2859 = CARTESIAN_POINT('',(-6.552247215976,-37.09728870037));
#2860 = CARTESIAN_POINT('',(-6.560110318683,-36.65352714568));
#2861 = CARTESIAN_POINT('',(-6.5683476175,-36.21937628661));
#2862 = CARTESIAN_POINT('',(-6.576947163756,-35.79548462414));
#2863 = CARTESIAN_POINT('',(-6.585895817906,-35.38241517421));
#2864 = CARTESIAN_POINT('',(-6.595179393964,-34.98064630304));
#2865 = CARTESIAN_POINT('',(-6.616019540596,-34.13415594456));
#2866 = CARTESIAN_POINT('',(-6.627688651537,-33.69397520791));
#2867 = CARTESIAN_POINT('',(-6.639761981849,-33.27076203555));
#2868 = CARTESIAN_POINT('',(-6.652209262347,-32.86506157941));
#2869 = CARTESIAN_POINT('',(-6.664998080716,-32.47724457364));
#2870 = CARTESIAN_POINT('',(-6.678093852659,-32.10751944797));
#2871 = CARTESIAN_POINT('',(-6.691459793038,-31.75594444103));
#2872 = CARTESIAN_POINT('',(-6.711351892724,-31.26803803336));
#2873 = CARTESIAN_POINT('',(-6.717697113922,-31.11749295817));
#2874 = CARTESIAN_POINT('',(-6.724089603041,-30.97077571845));
#2875 = CARTESIAN_POINT('',(-6.730526359128,-30.82785387406));
#2876 = CARTESIAN_POINT('',(-6.737004327752,-30.68869139909));
#2877 = CARTESIAN_POINT('',(-6.743520400884,-30.55324876658));
#2878 = CARTESIAN_POINT('',(-6.750071416784,-30.42148303328));
#2879 = CARTESIAN_POINT('',(-6.768170520632,-30.06917843867));
#2880 = CARTESIAN_POINT('',(-6.779781244939,-29.85617432775));
#2881 = CARTESIAN_POINT('',(-6.791474885484,-29.65396549175));
#2882 = CARTESIAN_POINT('',(-6.803239984373,-29.46217848674));
#2883 = CARTESIAN_POINT('',(-6.815065036482,-29.28043704908));
#2884 = CARTESIAN_POINT('',(-6.826938452786,-29.10836261961));
#2885 = CARTESIAN_POINT('',(-6.838848523689,-28.94557486788));
#2886 = CARTESIAN_POINT('',(-6.895087961417,-28.22044908049));
#2887 = CARTESIAN_POINT('',(-6.939613111594,-27.77348447344));
#2888 = CARTESIAN_POINT('',(-6.984133737114,-27.4251691436));
#2889 = CARTESIAN_POINT('',(-7.02852172197,-27.15498205511));
#2890 = CARTESIAN_POINT('',(-7.072697957808,-26.94627774515));
#2891 = CARTESIAN_POINT('',(-7.116618616578,-26.78581982329));
#2892 = CARTESIAN_POINT('',(-7.16026693764,-26.66334135968));
#2893 = CARTESIAN_POINT('',(-7.20369683309,-26.57115647635));
#2894 = CARTESIAN_POINT('',(-7.203744615528,-26.57105508889));
#2895 = CARTESIAN_POINT('',(-7.203792397733,-26.57095373811));
#2896 = CARTESIAN_POINT('',(-7.203840179705,-26.57085242398));
#2897 = CARTESIAN_POINT('',(-7.203887961443,-26.57075114651));
#2898 = CARTESIAN_POINT('',(-7.203935742949,-26.57064990569));
#2899 = CARTESIAN_POINT('',(-7.203983524221,-26.57054870149));
#2900 = CARTESIAN_POINT('',(-7.204056898569,-26.5703933448));
#2901 = CARTESIAN_POINT('',(-7.20408249181,-26.57033916618));
#2902 = CARTESIAN_POINT('',(-7.204108084984,-26.57028499807));
#2903 = CARTESIAN_POINT('',(-7.204133678092,-26.57023084046));
#2904 = CARTESIAN_POINT('',(-7.204159271133,-26.57017669335));
#2905 = CARTESIAN_POINT('',(-7.204184864107,-26.57012255675));
#2906 = CARTESIAN_POINT('',(-7.204210457014,-26.57006843065));
#2907 = CARTESIAN_POINT('',(-7.204270584419,-26.56994129232));
#2908 = CARTESIAN_POINT('',(-7.204305118863,-26.56986828872));
#2909 = CARTESIAN_POINT('',(-7.204339653184,-26.56979530422));
#2910 = CARTESIAN_POINT('',(-7.204374187385,-26.56972233884));
#2911 = CARTESIAN_POINT('',(-7.204408721463,-26.56964939255));
#2912 = CARTESIAN_POINT('',(-7.204443255421,-26.56957646537));
#2913 = CARTESIAN_POINT('',(-7.204477789256,-26.56950355729));
#2914 = CARTESIAN_POINT('',(-7.204543554189,-26.56936474976));
#2915 = CARTESIAN_POINT('',(-7.204574785308,-26.56929884684));
#2916 = CARTESIAN_POINT('',(-7.204606016327,-26.56923295953));
#2917 = CARTESIAN_POINT('',(-7.204637247247,-26.56916708783));
#2918 = CARTESIAN_POINT('',(-7.204668478068,-26.56910123174));
#2919 = CARTESIAN_POINT('',(-7.20469970879,-26.56903539126));
#2920 = CARTESIAN_POINT('',(-7.204730939412,-26.56896956637));
#2921 = CARTESIAN_POINT('',(-7.204791203375,-26.56884257752));
#2922 = CARTESIAN_POINT('',(-7.204820236729,-26.56878141144));
#2923 = CARTESIAN_POINT('',(-7.204849269997,-26.56872025883));
#2924 = CARTESIAN_POINT('',(-7.204878303179,-26.5686591197));
#2925 = CARTESIAN_POINT('',(-7.204907336276,-26.56859799405));
#2926 = CARTESIAN_POINT('',(-7.204936369286,-26.56853688187));
#2927 = CARTESIAN_POINT('',(-7.204965402211,-26.56847578316));
#2928 = CARTESIAN_POINT('',(-7.205023500419,-26.56835354424));
#2929 = CARTESIAN_POINT('',(-7.205052565701,-26.56829240406));
#2930 = CARTESIAN_POINT('',(-7.205081630897,-26.56823127737));
#2931 = CARTESIAN_POINT('',(-7.205110696008,-26.56817016418));
#2932 = CARTESIAN_POINT('',(-7.205139761032,-26.56810906448));
#2933 = CARTESIAN_POINT('',(-7.205168825971,-26.56804797826));
#2934 = CARTESIAN_POINT('',(-7.205197890824,-26.56798690554));
#2935 = CARTESIAN_POINT('',(-7.205277337177,-26.56782000471));
#2936 = CARTESIAN_POINT('',(-7.205327718505,-26.56771420363));
#2937 = CARTESIAN_POINT('',(-7.205378099575,-26.56760844307));
#2938 = CARTESIAN_POINT('',(-7.205428480388,-26.567502723));
#2939 = CARTESIAN_POINT('',(-7.205478860943,-26.56739704341));
#2940 = CARTESIAN_POINT('',(-7.20552924124,-26.5672914043));
#2941 = CARTESIAN_POINT('',(-7.20557962128,-26.56718580565));
#2942 = CARTESIAN_POINT('',(-7.205646816142,-26.56704501567));
#2943 = CARTESIAN_POINT('',(-7.205663631193,-26.56700978839));
#2944 = CARTESIAN_POINT('',(-7.205680446215,-26.56697456562));
#2945 = CARTESIAN_POINT('',(-7.205697261209,-26.56693934735));
#2946 = CARTESIAN_POINT('',(-7.205714076174,-26.56690413359));
#2947 = CARTESIAN_POINT('',(-7.20573089111,-26.56686892434));
#2948 = CARTESIAN_POINT('',(-7.205747706018,-26.56683371958));
#2949 = CARTESIAN_POINT('',(-7.205785835456,-26.56675389946));
#2950 = CARTESIAN_POINT('',(-7.20580714997,-26.56670928682));
#2951 = CARTESIAN_POINT('',(-7.205828464438,-26.56666468142));
#2952 = CARTESIAN_POINT('',(-7.205849778859,-26.56662008325));
#2953 = CARTESIAN_POINT('',(-7.205871093234,-26.56657549231));
#2954 = CARTESIAN_POINT('',(-7.205892407564,-26.56653090861));
#2955 = CARTESIAN_POINT('',(-7.205913721847,-26.56648633214));
#2956 = CARTESIAN_POINT('',(-7.205978841549,-26.56635016327));
#2957 = CARTESIAN_POINT('',(-7.20602264682,-26.56625859418));
#2958 = CARTESIAN_POINT('',(-7.206066451896,-26.56616705563));
#2959 = CARTESIAN_POINT('',(-7.206110256777,-26.56607554761));
#2960 = CARTESIAN_POINT('',(-7.206154061465,-26.56598407011));
#2961 = CARTESIAN_POINT('',(-7.206197865958,-26.56589262312));
#2962 = CARTESIAN_POINT('',(-7.206241670256,-26.56580120664));
#2963 = CARTESIAN_POINT('',(-7.206395875939,-26.56547949619));
#2964 = CARTESIAN_POINT('',(-7.206506276283,-26.56524936546));
#2965 = CARTESIAN_POINT('',(-7.206616675395,-26.56501942833));
#2966 = CARTESIAN_POINT('',(-7.206727073274,-26.56478968468));
#2967 = CARTESIAN_POINT('',(-7.206837469921,-26.5645601344));
#2968 = CARTESIAN_POINT('',(-7.206947865338,-26.56433077737));
#2969 = CARTESIAN_POINT('',(-7.207058259524,-26.56410161345));
#2970 = CARTESIAN_POINT('',(-7.207204802051,-26.56379766311));
#2971 = CARTESIAN_POINT('',(-7.20724095149,-26.56372270438));
#2972 = CARTESIAN_POINT('',(-7.207277100798,-26.56364776634));
#2973 = CARTESIAN_POINT('',(-7.207313249973,-26.56357284899));
#2974 = CARTESIAN_POINT('',(-7.207349399017,-26.56349795232));
#2975 = CARTESIAN_POINT('',(-7.207385547929,-26.56342307633));
#2976 = CARTESIAN_POINT('',(-7.207421696709,-26.56334822101));
#2977 = CARTESIAN_POINT('',(-7.207489517257,-26.56320781946));
#2978 = CARTESIAN_POINT('',(-7.207521189055,-26.56314226841));
#2979 = CARTESIAN_POINT('',(-7.207552860752,-26.56307673323));
#2980 = CARTESIAN_POINT('',(-7.207584532348,-26.56301121391));
#2981 = CARTESIAN_POINT('',(-7.207616203842,-26.56294571045));
#2982 = CARTESIAN_POINT('',(-7.207647875236,-26.56288022284));
#2983 = CARTESIAN_POINT('',(-7.207679546529,-26.56281475109));
#2984 = CARTESIAN_POINT('',(-7.207740661772,-26.5626884422));
#2985 = CARTESIAN_POINT('',(-7.207770105735,-26.5626276029));
#2986 = CARTESIAN_POINT('',(-7.207799549612,-26.5625667773));
#2987 = CARTESIAN_POINT('',(-7.207828993401,-26.5625059654));
#2988 = CARTESIAN_POINT('',(-7.207858437103,-26.56244516719));
#2989 = CARTESIAN_POINT('',(-7.207887880717,-26.56238438267));
#2990 = CARTESIAN_POINT('',(-7.207917324245,-26.56232361183));
#2991 = CARTESIAN_POINT('',(-7.21680222721,-26.54398943114));
#2992 = CARTESIAN_POINT('',(-7.225649788312,-26.52695400528));
#2993 = CARTESIAN_POINT('',(-7.234489811919,-26.5110943047));
#2994 = CARTESIAN_POINT('',(-7.243322673354,-26.49635275858));
#2995 = CARTESIAN_POINT('',(-7.252148762874,-26.48267637957));
#2996 = CARTESIAN_POINT('',(-7.260968486206,-26.4700166458));
#2997 = CARTESIAN_POINT('',(-7.269782265084,-26.45832938283));
#2998 = CARTESIAN_POINT('',(-7.296023866317,-26.42628887534));
#2999 = CARTESIAN_POINT('',(-7.313435586925,-26.40865608723));
#3000 = CARTESIAN_POINT('',(-7.330829105771,-26.39436669341));
#3001 = CARTESIAN_POINT('',(-7.348207941654,-26.38317657158));
#3002 = CARTESIAN_POINT('',(-7.365575699064,-26.37490436145));
#3003 = CARTESIAN_POINT('',(-7.382936043237,-26.36942969309));
#3004 = CARTESIAN_POINT('',(-7.400292677224,-26.36669234721));
#3005 = CARTESIAN_POINT('',(-7.434725185835,-26.36669234721));
#3006 = CARTESIAN_POINT('',(-7.451801041745,-26.36934161341));
#3007 = CARTESIAN_POINT('',(-7.468880429249,-26.37464081557));
#3008 = CARTESIAN_POINT('',(-7.485966875692,-26.38264589411));
#3009 = CARTESIAN_POINT('',(-7.503063873239,-26.3934692808));
#3010 = CARTESIAN_POINT('',(-7.520174856871,-26.40728111952));
#3011 = CARTESIAN_POINT('',(-7.537303182399,-26.42431048704));
#3012 = CARTESIAN_POINT('',(-7.563508431347,-26.45569171956));
#3013 = CARTESIAN_POINT('',(-7.572570492139,-26.46751484624));
#3014 = CARTESIAN_POINT('',(-7.581638765565,-26.48035868836));
#3015 = CARTESIAN_POINT('',(-7.590713712038,-26.49427065552));
#3016 = CARTESIAN_POINT('',(-7.599795774299,-26.50930300695));
#3017 = CARTESIAN_POINT('',(-7.608885378037,-26.52551298617));
#3018 = CARTESIAN_POINT('',(-7.617982932519,-26.54296295562));
#3019 = CARTESIAN_POINT('',(-7.627088831215,-26.56172053136));
#3020 = ( GEOMETRIC_REPRESENTATION_CONTEXT(2) 
PARAMETRIC_REPRESENTATION_CONTEXT() REPRESENTATION_CONTEXT('2D SPACE',''
  ) );
#3021 = ORIENTED_EDGE('',*,*,#107,.T.);
#3022 = ADVANCED_FACE('',(#3023),#95,.F.);
#3023 = FACE_BOUND('',#3024,.T.);
#3024 = EDGE_LOOP('',(#3025,#3026,#3049,#3177,#3198,#3470,#3491,#3619,
    #3642,#3666,#3687,#3688));
#3025 = ORIENTED_EDGE('',*,*,#252,.F.);
#3026 = ORIENTED_EDGE('',*,*,#3027,.T.);
#3027 = EDGE_CURVE('',#253,#3028,#3030,.T.);
#3028 = VERTEX_POINT('',#3029);
#3029 = CARTESIAN_POINT('',(64.736601632411,46.760474438399,
    36.318115442978));
#3030 = SURFACE_CURVE('',#3031,(#3035,#3042),.PCURVE_S1.);
#3031 = LINE('',#3032,#3033);
#3032 = CARTESIAN_POINT('',(23.,46.760474438399,36.318115442978));
#3033 = VECTOR('',#3034,1.);
#3034 = DIRECTION('',(1.,0.,0.));
#3035 = PCURVE('',#95,#3036);
#3036 = DEFINITIONAL_REPRESENTATION('',(#3037),#3041);
#3037 = LINE('',#3038,#3039);
#3038 = CARTESIAN_POINT('',(-6.28318530718,0.));
#3039 = VECTOR('',#3040,1.);
#3040 = DIRECTION('',(-0.,-1.));
#3041 = ( GEOMETRIC_REPRESENTATION_CONTEXT(2) 
PARAMETRIC_REPRESENTATION_CONTEXT() REPRESENTATION_CONTEXT('2D SPACE',''
  ) );
#3042 = PCURVE('',#292,#3043);
#3043 = DEFINITIONAL_REPRESENTATION('',(#3044),#3048);
#3044 = LINE('',#3045,#3046);
#3045 = CARTESIAN_POINT('',(50.203518566881,0.));
#3046 = VECTOR('',#3047,1.);
#3047 = DIRECTION('',(0.,-1.));
#3048 = ( GEOMETRIC_REPRESENTATION_CONTEXT(2) 
PARAMETRIC_REPRESENTATION_CONTEXT() REPRESENTATION_CONTEXT('2D SPACE',''
  ) );
#3049 = ORIENTED_EDGE('',*,*,#3050,.F.);
#3050 = EDGE_CURVE('',#3051,#3028,#3053,.T.);
#3051 = VERTEX_POINT('',#3052);
#3052 = CARTESIAN_POINT('',(42.342540238186,74.811094850467,
    21.236853963998));
#3053 = SURFACE_CURVE('',#3054,(#3093,#3135),.PCURVE_S1.);
#3054 = B_SPLINE_CURVE_WITH_KNOTS('',7,(#3055,#3056,#3057,#3058,#3059,
    #3060,#3061,#3062,#3063,#3064,#3065,#3066,#3067,#3068,#3069,#3070,
    #3071,#3072,#3073,#3074,#3075,#3076,#3077,#3078,#3079,#3080,#3081,
    #3082,#3083,#3084,#3085,#3086,#3087,#3088,#3089,#3090,#3091,#3092),
  .UNSPECIFIED.,.F.,.F.,(8,6,6,6,6,6,8),(0.,0.265712215946,
    0.363988247494,0.541497213965,0.690997123207,0.775391011066,1.),
  .UNSPECIFIED.);
#3055 = CARTESIAN_POINT('',(42.342540238186,74.811094850467,
    21.236853963998));
#3056 = CARTESIAN_POINT('',(42.480866982423,73.277930010034,
    21.412319564649));
#3057 = CARTESIAN_POINT('',(42.648728581505,71.740816814731,
    21.653270028193));
#3058 = CARTESIAN_POINT('',(42.852005744453,70.20485106341,
    21.960846426821));
#3059 = CARTESIAN_POINT('',(43.097679450188,68.675385982797,
    22.335550023436));
#3060 = CARTESIAN_POINT('',(43.393910268351,67.158032624192,
    22.777139853166));
#3061 = CARTESIAN_POINT('',(43.750124620348,65.658696796902,
    23.284497764335));
#3062 = CARTESIAN_POINT('',(44.335263851902,63.638131698835,
    24.066302036474));
#3063 = CARTESIAN_POINT('',(44.502868273347,63.096206842058,
    24.285940201604));
#3064 = CARTESIAN_POINT('',(44.680529092874,62.558553738129,
    24.513862277347));
#3065 = CARTESIAN_POINT('',(44.86868239337,62.025785152827,
    24.749755085218));
#3066 = CARTESIAN_POINT('',(45.067760702043,61.498478072203,
    24.993264213855));
#3067 = CARTESIAN_POINT('',(45.278191642549,60.977173604918,
    25.243997155435));
#3068 = CARTESIAN_POINT('',(45.901749485008,59.53253639017,
    25.96668317246));
#3069 = CARTESIAN_POINT('',(46.341915221701,58.622999158145,
    26.45447701455));
#3070 = CARTESIAN_POINT('',(46.822471099972,57.739245281202,
    26.961254595014));
#3071 = CARTESIAN_POINT('',(47.34448768646,56.885756077895,
    27.482776988046));
#3072 = CARTESIAN_POINT('',(47.90840415303,56.066118643738,
    28.014392819917));
#3073 = CARTESIAN_POINT('',(48.513906219242,55.283129108464,
    28.551205408251));
#3074 = CARTESIAN_POINT('',(49.703790836939,53.912092507351,
    29.540524982261));
#3075 = CARTESIAN_POINT('',(50.275689417229,53.313633362744,
    29.992353100558));
#3076 = CARTESIAN_POINT('',(50.874709741461,52.74457491168,
    30.440791626599));
#3077 = CARTESIAN_POINT('',(51.499630932192,52.205643100618,
    30.882895821014));
#3078 = CARTESIAN_POINT('',(52.148772138979,51.69726087499,
    31.31578702733));
#3079 = CARTESIAN_POINT('',(52.819960747496,51.21957697776,
    31.73673682994));
#3080 = CARTESIAN_POINT('',(53.900315821363,50.520113273285,
    32.372731814095));
#3081 = CARTESIAN_POINT('',(54.296429176215,50.277398467612,
    32.597689804516));
#3082 = CARTESIAN_POINT('',(54.698546422616,50.044225955159,
    32.817779195652));
#3083 = CARTESIAN_POINT('',(55.106349157009,49.820465388411,
    33.032671396898));
#3084 = CARTESIAN_POINT('',(55.519494625967,49.605980966262,
    33.242057222451));
#3085 = CARTESIAN_POINT('',(55.937615549305,49.400631952119,
    33.44564889905));
#3086 = CARTESIAN_POINT('',(57.485320922981,48.681676784952,
    34.168904110805));
#3087 = CARTESIAN_POINT('',(58.64162828434,48.223298775995,
    34.651170292262));
#3088 = CARTESIAN_POINT('',(59.824868271384,47.824709982421,
    35.086624615165));
#3089 = CARTESIAN_POINT('',(61.030550075203,47.482100800492,
    35.472653200777));
#3090 = CARTESIAN_POINT('',(62.254114419657,47.192236429468,
    35.807326047289));
#3091 = CARTESIAN_POINT('',(63.490981979725,46.952421547352,
    36.089361786296));
#3092 = CARTESIAN_POINT('',(64.736601632411,46.760474438399,
    36.318115442978));
#3093 = PCURVE('',#95,#3094);
#3094 = DEFINITIONAL_REPRESENTATION('',(#3095),#3134);
#3095 = B_SPLINE_CURVE_WITH_KNOTS('',7,(#3096,#3097,#3098,#3099,#3100,
    #3101,#3102,#3103,#3104,#3105,#3106,#3107,#3108,#3109,#3110,#3111,
    #3112,#3113,#3114,#3115,#3116,#3117,#3118,#3119,#3120,#3121,#3122,
    #3123,#3124,#3125,#3126,#3127,#3128,#3129,#3130,#3131,#3132,#3133),
  .UNSPECIFIED.,.F.,.F.,(8,6,6,6,6,6,8),(0.,0.265712215946,
    0.363988247494,0.541497213965,0.690997123207,0.775391011066,1.),
  .UNSPECIFIED.);
#3096 = CARTESIAN_POINT('',(-7.041899054752,-19.34254023818));
#3097 = CARTESIAN_POINT('',(-7.006011312848,-19.48086698242));
#3098 = CARTESIAN_POINT('',(-6.969859181883,-19.6487285815));
#3099 = CARTESIAN_POINT('',(-6.933481899386,-19.85200574445));
#3100 = CARTESIAN_POINT('',(-6.896921288367,-20.09767945018));
#3101 = CARTESIAN_POINT('',(-6.860224494991,-20.39391026835));
#3102 = CARTESIAN_POINT('',(-6.823447839972,-20.75012462034));
#3103 = CARTESIAN_POINT('',(-6.773063158411,-21.3352638519));
#3104 = CARTESIAN_POINT('',(-6.759466216848,-21.50286827334));
#3105 = CARTESIAN_POINT('',(-6.745888292423,-21.68052909287));
#3106 = CARTESIAN_POINT('',(-6.732341213861,-21.86868239337));
#3107 = CARTESIAN_POINT('',(-6.718836490211,-22.06776070204));
#3108 = CARTESIAN_POINT('',(-6.705385367202,-22.27819164254));
#3109 = CARTESIAN_POINT('',(-6.667819835772,-22.901749485));
#3110 = CARTESIAN_POINT('',(-6.643827536723,-23.3419152217));
#3111 = CARTESIAN_POINT('',(-6.620150888138,-23.82247109997));
#3112 = CARTESIAN_POINT('',(-6.596905712576,-24.34448768646));
#3113 = CARTESIAN_POINT('',(-6.574198214558,-24.90840415303));
#3114 = CARTESIAN_POINT('',(-6.552127012441,-25.51390621924));
#3115 = CARTESIAN_POINT('',(-6.512808214592,-26.70379083693));
#3116 = CARTESIAN_POINT('',(-6.495373531983,-27.27568941722));
#3117 = CARTESIAN_POINT('',(-6.478529853314,-27.87470974146));
#3118 = CARTESIAN_POINT('',(-6.462324182136,-28.49963093219));
#3119 = CARTESIAN_POINT('',(-6.446799599685,-29.14877213897));
#3120 = CARTESIAN_POINT('',(-6.431994499057,-29.81996074749));
#3121 = CARTESIAN_POINT('',(-6.410008969944,-30.90031582136));
#3122 = CARTESIAN_POINT('',(-6.402313206638,-31.29642917621));
#3123 = CARTESIAN_POINT('',(-6.394856986669,-31.69854642261));
#3124 = CARTESIAN_POINT('',(-6.387642612521,-32.106349157));
#3125 = CARTESIAN_POINT('',(-6.380672181684,-32.51949462596));
#3126 = CARTESIAN_POINT('',(-6.373947536365,-32.9376155493));
#3127 = CARTESIAN_POINT('',(-6.350231227721,-34.48532092298));
#3128 = CARTESIAN_POINT('',(-6.334761845874,-35.64162828434));
#3129 = CARTESIAN_POINT('',(-6.32103645152,-36.82486827138));
#3130 = CARTESIAN_POINT('',(-6.309035012483,-38.0305500752));
#3131 = CARTESIAN_POINT('',(-6.298739232321,-39.25411441965));
#3132 = CARTESIAN_POINT('',(-6.290129881386,-40.49098197972));
#3133 = CARTESIAN_POINT('',(-6.28318530718,-41.73660163241));
#3134 = ( GEOMETRIC_REPRESENTATION_CONTEXT(2) 
PARAMETRIC_REPRESENTATION_CONTEXT() REPRESENTATION_CONTEXT('2D SPACE',''
  ) );
#3135 = PCURVE('',#509,#3136);
#3136 = DEFINITIONAL_REPRESENTATION('',(#3137),#3176);
#3137 = B_SPLINE_CURVE_WITH_KNOTS('',7,(#3138,#3139,#3140,#3141,#3142,
    #3143,#3144,#3145,#3146,#3147,#3148,#3149,#3150,#3151,#3152,#3153,
    #3154,#3155,#3156,#3157,#3158,#3159,#3160,#3161,#3162,#3163,#3164,
    #3165,#3166,#3167,#3168,#3169,#3170,#3171,#3172,#3173,#3174,#3175),
  .UNSPECIFIED.,.F.,.F.,(8,6,6,6,6,6,8),(0.,0.265712215946,
    0.363988247494,0.541497213965,0.690997123207,0.775391011066,1.),
  .UNSPECIFIED.);
#3138 = CARTESIAN_POINT('',(0.239573300728,-15.77973383806));
#3139 = CARTESIAN_POINT('',(0.25933426419,-17.21524351418));
#3140 = CARTESIAN_POINT('',(0.281449390938,-18.63761827856));
#3141 = CARTESIAN_POINT('',(0.30597148414,-20.04164063627));
#3142 = CARTESIAN_POINT('',(0.332953015785,-21.42201003097));
#3143 = CARTESIAN_POINT('',(0.362452928237,-22.77336896959));
#3144 = CARTESIAN_POINT('',(0.394544819202,-24.09030227736));
#3145 = CARTESIAN_POINT('',(0.442195674503,-25.83967245411));
#3146 = CARTESIAN_POINT('',(0.455422742908,-26.30628512901));
#3147 = CARTESIAN_POINT('',(0.469007738531,-26.76662757368));
#3148 = CARTESIAN_POINT('',(0.482946962546,-27.22018895838));
#3149 = CARTESIAN_POINT('',(0.497236697941,-27.66650368579));
#3150 = CARTESIAN_POINT('',(0.511873375785,-28.10515067358));
#3151 = CARTESIAN_POINT('',(0.553911704587,-29.31351816409));
#3152 = CARTESIAN_POINT('',(0.582117939133,-30.06581333006));
#3153 = CARTESIAN_POINT('',(0.611386736848,-30.78829033443));
#3154 = CARTESIAN_POINT('',(0.641627073615,-31.4777176706));
#3155 = CARTESIAN_POINT('',(0.672744645228,-32.13183433447));
#3156 = CARTESIAN_POINT('',(0.704641332683,-32.7492068268));
#3157 = CARTESIAN_POINT('',(0.764643535623,-33.81747174115));
#3158 = CARTESIAN_POINT('',(0.792515817993,-34.27859716278));
#3159 = CARTESIAN_POINT('',(0.820766511556,-34.71220098623));
#3160 = CARTESIAN_POINT('',(0.849330609044,-35.11834415571));
#3161 = CARTESIAN_POINT('',(0.878139127677,-35.49736318842));
#3162 = CARTESIAN_POINT('',(0.907117708338,-35.84982057561));
#3163 = CARTESIAN_POINT('',(0.952594053312,-36.36084301783));
#3164 = CARTESIAN_POINT('',(0.969036745576,-36.53706410478));
#3165 = CARTESIAN_POINT('',(0.985506403356,-36.70532813049));
#3166 = CARTESIAN_POINT('',(1.001995987664,-36.86584604649));
#3167 = CARTESIAN_POINT('',(1.018498248402,-37.01882904975));
#3168 = CARTESIAN_POINT('',(1.035005664067,-37.16448756259));
#3169 = CARTESIAN_POINT('',(1.095436641686,-37.67175270323));
#3170 = CARTESIAN_POINT('',(1.139298507151,-37.98969218771));
#3171 = CARTESIAN_POINT('',(1.183070470538,-38.26199552545));
#3172 = CARTESIAN_POINT('',(1.226731031612,-38.49301903269));
#3173 = CARTESIAN_POINT('',(1.270260527005,-38.68638680823));
#3174 = CARTESIAN_POINT('',(1.313639740146,-38.84503397574));
#3175 = CARTESIAN_POINT('',(1.356849291321,-38.97123484257));
#3176 = ( GEOMETRIC_REPRESENTATION_CONTEXT(2) 
PARAMETRIC_REPRESENTATION_CONTEXT() REPRESENTATION_CONTEXT('2D SPACE',''
  ) );
#3177 = ORIENTED_EDGE('',*,*,#3178,.F.);
#3178 = EDGE_CURVE('',#3179,#3051,#3181,.T.);
#3179 = VERTEX_POINT('',#3180);
#3180 = CARTESIAN_POINT('',(45.441244161736,74.811094850467,
    21.236853963998));
#3181 = SURFACE_CURVE('',#3182,(#3186,#3192),.PCURVE_S1.);
#3182 = LINE('',#3183,#3184);
#3183 = CARTESIAN_POINT('',(23.,74.811094850467,21.236853963998));
#3184 = VECTOR('',#3185,1.);
#3185 = DIRECTION('',(-1.,-0.,-0.));
#3186 = PCURVE('',#95,#3187);
#3187 = DEFINITIONAL_REPRESENTATION('',(#3188),#3191);
#3188 = B_SPLINE_CURVE_WITH_KNOTS('',1,(#3189,#3190),.UNSPECIFIED.,.F.,
  .F.,(2,2),(-22.75111455409,-19.03266984583),.PIECEWISE_BEZIER_KNOTS.);
#3189 = CARTESIAN_POINT('',(-7.041899054752,-22.75111455409));
#3190 = CARTESIAN_POINT('',(-7.041899054752,-19.03266984583));
#3191 = ( GEOMETRIC_REPRESENTATION_CONTEXT(2) 
PARAMETRIC_REPRESENTATION_CONTEXT() REPRESENTATION_CONTEXT('2D SPACE',''
  ) );
#3192 = PCURVE('',#565,#3193);
#3193 = DEFINITIONAL_REPRESENTATION('',(#3194),#3197);
#3194 = B_SPLINE_CURVE_WITH_KNOTS('',1,(#3195,#3196),.UNSPECIFIED.,.F.,
  .F.,(2,2),(-22.75111455409,-19.03266984583),.PIECEWISE_BEZIER_KNOTS.);
#3195 = CARTESIAN_POINT('',(-0.309870392355,-15.77973383806));
#3196 = CARTESIAN_POINT('',(3.408574315905,-15.77973383806));
#3197 = ( GEOMETRIC_REPRESENTATION_CONTEXT(2) 
PARAMETRIC_REPRESENTATION_CONTEXT() REPRESENTATION_CONTEXT('2D SPACE',''
  ) );
#3198 = ORIENTED_EDGE('',*,*,#3199,.T.);
#3199 = EDGE_CURVE('',#3179,#3200,#3202,.T.);
#3200 = VERTEX_POINT('',#3201);
#3201 = CARTESIAN_POINT('',(96.558755838264,74.811094850467,
    21.236853963998));
#3202 = SURFACE_CURVE('',#3203,(#3290,#3380),.PCURVE_S1.);
#3203 = B_SPLINE_CURVE_WITH_KNOTS('',7,(#3204,#3205,#3206,#3207,#3208,
    #3209,#3210,#3211,#3212,#3213,#3214,#3215,#3216,#3217,#3218,#3219,
    #3220,#3221,#3222,#3223,#3224,#3225,#3226,#3227,#3228,#3229,#3230,
    #3231,#3232,#3233,#3234,#3235,#3236,#3237,#3238,#3239,#3240,#3241,
    #3242,#3243,#3244,#3245,#3246,#3247,#3248,#3249,#3250,#3251,#3252,
    #3253,#3254,#3255,#3256,#3257,#3258,#3259,#3260,#3261,#3262,#3263,
    #3264,#3265,#3266,#3267,#3268,#3269,#3270,#3271,#3272,#3273,#3274,
    #3275,#3276,#3277,#3278,#3279,#3280,#3281,#3282,#3283,#3284,#3285,
    #3286,#3287,#3288,#3289),.UNSPECIFIED.,.F.,.F.,(8,6,6,6,6,6,6,6,6,6,
    6,6,6,6,8),(0.,0.12026671222,0.166137214147,0.249602827882,
    0.317428144389,0.355968033313,0.398898013482,0.499996489749,
    0.600115146534,0.643718185362,0.683052867521,0.750392986256,
    0.833860622544,0.879591738642,1.),.UNSPECIFIED.);
#3204 = CARTESIAN_POINT('',(45.441244161736,74.811094850467,
    21.236853963998));
#3205 = CARTESIAN_POINT('',(45.587234649366,73.367952163055,
    21.402016829591));
#3206 = CARTESIAN_POINT('',(45.762706459225,71.921890552356,
    21.625133914374));
#3207 = CARTESIAN_POINT('',(45.973214591355,70.477660649484,
    21.907016336548));
#3208 = CARTESIAN_POINT('',(46.225293764782,69.040252802317,
    22.247844578359));
#3209 = CARTESIAN_POINT('',(46.526526285517,67.614902543778,
    22.647065797791));
#3210 = CARTESIAN_POINT('',(46.885617028438,66.207142808318,
    23.103252162095));
#3211 = CARTESIAN_POINT('',(47.475473503857,64.294981285871,
    23.808385482314));
#3212 = CARTESIAN_POINT('',(47.648121777395,63.770748532134,
    24.010859104605));
#3213 = CARTESIAN_POINT('',(47.830992268181,63.250895165811,
    24.220827735676));
#3214 = CARTESIAN_POINT('',(48.024514140801,62.736049649677,
    24.437954102721));
#3215 = CARTESIAN_POINT('',(48.229111079488,62.226804659598,
    24.661858185121));
#3216 = CARTESIAN_POINT('',(48.445200020476,61.723716982825,
    24.892120508203));
#3217 = CARTESIAN_POINT('',(49.088038493234,60.324044373711,
    25.558009331419));
#3218 = CARTESIAN_POINT('',(49.542709851709,59.441977887552,
    26.007711425597));
#3219 = CARTESIAN_POINT('',(50.038675729175,58.586809705182,
    26.473536002365));
#3220 = CARTESIAN_POINT('',(50.576840383936,57.763201122545,
    26.951034454524));
#3221 = CARTESIAN_POINT('',(51.157411575506,56.974885754942,
    27.435355488162));
#3222 = CARTESIAN_POINT('',(51.779771576919,56.224782307833,
    27.921435325961));
#3223 = CARTESIAN_POINT('',(52.980767139235,54.938415622268,
    28.796479362929));
#3224 = CARTESIAN_POINT('',(53.545037600384,54.389175291694,
    29.186059870642));
#3225 = CARTESIAN_POINT('',(54.134290350561,53.868342676431,
    29.570284152572));
#3226 = CARTESIAN_POINT('',(54.747265129015,53.376592011398,
    29.946518122438));
#3227 = CARTESIAN_POINT('',(55.382290951403,52.91433547626,
    30.312218198244));
#3228 = CARTESIAN_POINT('',(56.03726642703,52.481743225792,
    30.665010611793));
#3229 = CARTESIAN_POINT('',(57.091698090484,51.849781120641,
    31.194693699967));
#3230 = CARTESIAN_POINT('',(57.479499293457,51.63028463944,
    31.381826294868));
#3231 = CARTESIAN_POINT('',(57.872752763562,51.420173332679,
    31.56385883482));
#3232 = CARTESIAN_POINT('',(58.271146658914,51.219341579807,
    31.740499739214));
#3233 = CARTESIAN_POINT('',(58.674348117593,51.027679224885,
    31.911477274452));
#3234 = CARTESIAN_POINT('',(59.082003158041,50.845072017782,
    32.076541313487));
#3235 = CARTESIAN_POINT('',(59.952370688435,50.477949291257,
    32.412491936768));
#3236 = CARTESIAN_POINT('',(60.416078352354,50.295580332489,
    32.581905133173));
#3237 = CARTESIAN_POINT('',(60.884493085836,50.124069031843,
    32.743448929837));
#3238 = CARTESIAN_POINT('',(61.357238889367,49.963200041604,
    32.896893730076));
#3239 = CARTESIAN_POINT('',(61.833930249309,49.812768813583,
    33.042036095265));
#3240 = CARTESIAN_POINT('',(62.314172137899,49.672581599115,
    33.178698744841));
#3241 = CARTESIAN_POINT('',(63.935920139485,49.23601329741,
    33.608240619922));
#3242 = CARTESIAN_POINT('',(65.0913828749,48.985461032169,
    33.861794750161));
#3243 = CARTESIAN_POINT('',(66.26026914598,48.787910164126,
    34.065907542483));
#3244 = CARTESIAN_POINT('',(67.439017351005,48.641215683998,
    34.219574098146));
#3245 = CARTESIAN_POINT('',(68.624155994027,48.543938805593,
    34.322179716628));
#3246 = CARTESIAN_POINT('',(69.812275612707,48.495329613196,
    34.373451438461));
#3247 = CARTESIAN_POINT('',(72.176213279137,48.495329613196,
    34.373451438461));
#3248 = CARTESIAN_POINT('',(73.352801836437,48.543001158241,
    34.323168716892));
#3249 = CARTESIAN_POINT('',(74.526492746896,48.63839925309,
    34.222544819278));
#3250 = CARTESIAN_POINT('',(75.693981594211,48.782245392068,
    34.071841986584));
#3251 = CARTESIAN_POINT('',(76.851904364867,48.975925054303,
    33.871649434586));
#3252 = CARTESIAN_POINT('',(77.996810001844,49.221504120413,
    33.622929339479));
#3253 = CARTESIAN_POINT('',(79.616533922584,49.652531570061,
    33.198265924327));
#3254 = CARTESIAN_POINT('',(80.104730509053,49.793654810945,
    33.060509733517));
#3255 = CARTESIAN_POINT('',(80.589301169708,49.945324788664,
    32.913989471549));
#3256 = CARTESIAN_POINT('',(81.069833547465,50.107744061148,
    32.758888344611));
#3257 = CARTESIAN_POINT('',(81.545925135798,50.281126888907,
    32.595417250784));
#3258 = CARTESIAN_POINT('',(82.017183278743,50.465699235031,
    32.423814780047));
#3259 = CARTESIAN_POINT('',(82.903645632237,50.838511653226,
    32.082447955714));
#3260 = CARTESIAN_POINT('',(83.319833585747,51.024629204561,
    31.914143199732));
#3261 = CARTESIAN_POINT('',(83.731389085642,51.220176760474,
    31.739673348255));
#3262 = CARTESIAN_POINT('',(84.137935257043,51.425275677366,
    31.55930422338));
#3263 = CARTESIAN_POINT('',(84.539118186283,51.640042837886,
    31.373325112622));
#3264 = CARTESIAN_POINT('',(84.934606811221,51.864590162056,
    31.182046814164));
#3265 = CARTESIAN_POINT('',(85.990884357064,52.500369943214,
    30.649828868324));
#3266 = CARTESIAN_POINT('',(86.640449522045,52.930912844857,
    30.299110233404));
#3267 = CARTESIAN_POINT('',(87.27029799074,53.390696210411,
    29.935731440858));
#3268 = CARTESIAN_POINT('',(87.878377601621,53.879546663093,
    29.562021015287));
#3269 = CARTESIAN_POINT('',(88.46305519632,54.397054635088,
    29.180471666559));
#3270 = CARTESIAN_POINT('',(89.023097468538,54.942554940387,
    28.793663613984));
#3271 = CARTESIAN_POINT('',(90.220228423079,56.224782307831,
    27.921435325962));
#3272 = CARTESIAN_POINT('',(90.842588424493,56.97488575494,
    27.435355488164));
#3273 = CARTESIAN_POINT('',(91.423159616063,57.763201122544,
    26.951034454524));
#3274 = CARTESIAN_POINT('',(91.961324270824,58.586809705182,
    26.473536002365));
#3275 = CARTESIAN_POINT('',(92.45729014829,59.44197788755,
    26.007711425598));
#3276 = CARTESIAN_POINT('',(92.911961506764,60.324044373707,
    25.558009331421));
#3277 = CARTESIAN_POINT('',(93.55410168326,61.722196560206,
    24.892843843376));
#3278 = CARTESIAN_POINT('',(93.769565495449,62.223723794706,
    24.663268360691));
#3279 = CARTESIAN_POINT('',(93.973606480805,62.731372743939,
    24.440010670407));
#3280 = CARTESIAN_POINT('',(94.166637534713,63.244591425429,
    24.223486721498));
#3281 = CARTESIAN_POINT('',(94.349078268562,63.762792350674,
    24.014073478451));
#3282 = CARTESIAN_POINT('',(94.521353758952,64.285352625749,
    23.812105669249));
#3283 = CARTESIAN_POINT('',(95.111853618797,66.197240049042,
    23.106464192899));
#3284 = CARTESIAN_POINT('',(95.471703009558,67.606530245734,
    22.649412475252));
#3285 = CARTESIAN_POINT('',(95.773522983672,69.033501708017,
    22.249444843293));
#3286 = CARTESIAN_POINT('',(96.026047954004,70.47259209172,
    21.908003671621));
#3287 = CARTESIAN_POINT('',(96.236886904383,71.918532935245,
    21.625650410171));
#3288 = CARTESIAN_POINT('',(96.412597938799,73.366297266435,
    21.402206226987));
#3289 = CARTESIAN_POINT('',(96.558755838264,74.811094850467,
    21.236853963998));
#3290 = PCURVE('',#95,#3291);
#3291 = DEFINITIONAL_REPRESENTATION('',(#3292),#3379);
#3292 = B_SPLINE_CURVE_WITH_KNOTS('',7,(#3293,#3294,#3295,#3296,#3297,
    #3298,#3299,#3300,#3301,#3302,#3303,#3304,#3305,#3306,#3307,#3308,
    #3309,#3310,#3311,#3312,#3313,#3314,#3315,#3316,#3317,#3318,#3319,
    #3320,#3321,#3322,#3323,#3324,#3325,#3326,#3327,#3328,#3329,#3330,
    #3331,#3332,#3333,#3334,#3335,#3336,#3337,#3338,#3339,#3340,#3341,
    #3342,#3343,#3344,#3345,#3346,#3347,#3348,#3349,#3350,#3351,#3352,
    #3353,#3354,#3355,#3356,#3357,#3358,#3359,#3360,#3361,#3362,#3363,
    #3364,#3365,#3366,#3367,#3368,#3369,#3370,#3371,#3372,#3373,#3374,
    #3375,#3376,#3377,#3378),.UNSPECIFIED.,.F.,.F.,(8,6,6,6,6,6,6,6,6,6,
    6,6,6,6,8),(0.,0.12026671222,0.166137214147,0.249602827882,
    0.317428144389,0.355968033313,0.398898013482,0.499996489749,
    0.600115146534,0.643718185362,0.683052867521,0.750392986256,
    0.833860622544,0.879591738642,1.),.UNSPECIFIED.);
#3293 = CARTESIAN_POINT('',(-7.041899054752,-22.44124416173));
#3294 = CARTESIAN_POINT('',(-7.008118517311,-22.58723464936));
#3295 = CARTESIAN_POINT('',(-6.97411728936,-22.76270645922));
#3296 = CARTESIAN_POINT('',(-6.939940036137,-22.97321459135));
#3297 = CARTESIAN_POINT('',(-6.905634888948,-23.22529376478));
#3298 = CARTESIAN_POINT('',(-6.871256241649,-23.52652628551));
#3299 = CARTESIAN_POINT('',(-6.836869032247,-23.88561702843));
#3300 = CARTESIAN_POINT('',(-6.789472937773,-24.47547350385));
#3301 = CARTESIAN_POINT('',(-6.776405287078,-24.64812177739));
#3302 = CARTESIAN_POINT('',(-6.763369223274,-24.83099226818));
#3303 = CARTESIAN_POINT('',(-6.750377563173,-25.0245141408));
#3304 = CARTESIAN_POINT('',(-6.737442823651,-25.22911107948));
#3305 = CARTESIAN_POINT('',(-6.724577275947,-25.44520002047));
#3306 = CARTESIAN_POINT('',(-6.688530829303,-26.08803849323));
#3307 = CARTESIAN_POINT('',(-6.665514319311,-26.5427098517));
#3308 = CARTESIAN_POINT('',(-6.642880696778,-27.03867572917));
#3309 = CARTESIAN_POINT('',(-6.620754260259,-27.57684038393));
#3310 = CARTESIAN_POINT('',(-6.599248231585,-28.1574115755));
#3311 = CARTESIAN_POINT('',(-6.578466607388,-28.77977157691));
#3312 = CARTESIAN_POINT('',(-6.542285752583,-29.98076713923));
#3313 = CARTESIAN_POINT('',(-6.526628833369,-30.54503760038));
#3314 = CARTESIAN_POINT('',(-6.511581172994,-31.13429035056));
#3315 = CARTESIAN_POINT('',(-6.497185524051,-31.74726512901));
#3316 = CARTESIAN_POINT('',(-6.483480582908,-32.3822909514));
#3317 = CARTESIAN_POINT('',(-6.470500100892,-33.03726642703));
#3318 = CARTESIAN_POINT('',(-6.451323707602,-34.09169809048));
#3319 = CARTESIAN_POINT('',(-6.444616050032,-34.47949929345));
#3320 = CARTESIAN_POINT('',(-6.438151307021,-34.87275276356));
#3321 = CARTESIAN_POINT('',(-6.431931574903,-35.27114665891));
#3322 = CARTESIAN_POINT('',(-6.425958718209,-35.67434811759));
#3323 = CARTESIAN_POINT('',(-6.420234325785,-36.08200315804));
#3324 = CARTESIAN_POINT('',(-6.408661387862,-36.95237068843));
#3325 = CARTESIAN_POINT('',(-6.402872783059,-37.41607835235));
#3326 = CARTESIAN_POINT('',(-6.397393663498,-37.88449308583));
#3327 = CARTESIAN_POINT('',(-6.392223724712,-38.35723888936));
#3328 = CARTESIAN_POINT('',(-6.387362546764,-38.8339302493));
#3329 = CARTESIAN_POINT('',(-6.382809594248,-39.31417213789));
#3330 = CARTESIAN_POINT('',(-6.368566512098,-40.93592013948));
#3331 = CARTESIAN_POINT('',(-6.360277483849,-42.0913828749));
#3332 = CARTESIAN_POINT('',(-6.353671858854,-43.26026914598));
#3333 = CARTESIAN_POINT('',(-6.34873130906,-44.439017351));
#3334 = CARTESIAN_POINT('',(-6.345443211948,-45.62415599402));
#3335 = CARTESIAN_POINT('',(-6.343800150211,-46.8122756127));
#3336 = CARTESIAN_POINT('',(-6.343800150211,-49.17621327913));
#3337 = CARTESIAN_POINT('',(-6.345411518085,-50.35280183643));
#3338 = CARTESIAN_POINT('',(-6.348636109683,-51.52649274689));
#3339 = CARTESIAN_POINT('',(-6.353481066677,-52.69398159421));
#3340 = CARTESIAN_POINT('',(-6.359958590486,-53.85190436486));
#3341 = CARTESIAN_POINT('',(-6.368086409315,-54.99681000184));
#3342 = CARTESIAN_POINT('',(-6.382158073199,-56.61653392258));
#3343 = CARTESIAN_POINT('',(-6.386744366534,-57.10473050905));
#3344 = CARTESIAN_POINT('',(-6.391648523747,-57.5893011697));
#3345 = CARTESIAN_POINT('',(-6.39687113153,-58.06983354746));
#3346 = CARTESIAN_POINT('',(-6.402412657817,-58.54592513579));
#3347 = CARTESIAN_POINT('',(-6.40827345179,-59.01718327874));
#3348 = CARTESIAN_POINT('',(-6.420029039346,-59.90364563223));
#3349 = CARTESIAN_POINT('',(-6.425864525156,-60.31983358574));
#3350 = CARTESIAN_POINT('',(-6.431958858667,-60.73138908564));
#3351 = CARTESIAN_POINT('',(-6.438310348473,-61.13793525704));
#3352 = CARTESIAN_POINT('',(-6.444917003069,-61.53911818628));
#3353 = CARTESIAN_POINT('',(-6.451776579526,-61.93460681122));
#3354 = CARTESIAN_POINT('',(-6.47105888733,-62.99088435706));
#3355 = CARTESIAN_POINT('',(-6.483971971591,-63.64044952204));
#3356 = CARTESIAN_POINT('',(-6.497598354979,-64.27029799073));
#3357 = CARTESIAN_POINT('',(-6.511904843949,-64.87837760162));
#3358 = CARTESIAN_POINT('',(-6.526853436393,-65.46305519632));
#3359 = CARTESIAN_POINT('',(-6.542402176671,-66.02309746853));
#3360 = CARTESIAN_POINT('',(-6.578466607388,-67.22022842307));
#3361 = CARTESIAN_POINT('',(-6.599248231585,-67.84258842449));
#3362 = CARTESIAN_POINT('',(-6.620754260259,-68.42315961606));
#3363 = CARTESIAN_POINT('',(-6.642880696778,-68.96132427082));
#3364 = CARTESIAN_POINT('',(-6.665514319311,-69.45729014829));
#3365 = CARTESIAN_POINT('',(-6.688530829303,-69.91196150676));
#3366 = CARTESIAN_POINT('',(-6.724538119766,-70.55410168326));
#3367 = CARTESIAN_POINT('',(-6.737364035463,-70.76956549544));
#3368 = CARTESIAN_POINT('',(-6.750258768284,-70.9736064808));
#3369 = CARTESIAN_POINT('',(-6.763210149458,-71.16663753471));
#3370 = CARTESIAN_POINT('',(-6.776205766766,-71.34907826856));
#3371 = CARTESIAN_POINT('',(-6.789232911122,-71.52135375895));
#3372 = CARTESIAN_POINT('',(-6.836627115484,-72.11185361879));
#3373 = CARTESIAN_POINT('',(-6.87105429692,-72.47170300955));
#3374 = CARTESIAN_POINT('',(-6.905473772607,-72.77352298367));
#3375 = CARTESIAN_POINT('',(-6.939820099657,-73.026047954));
#3376 = CARTESIAN_POINT('',(-6.974038345823,-73.23688690438));
#3377 = CARTESIAN_POINT('',(-7.008079780117,-73.41259793879));
#3378 = CARTESIAN_POINT('',(-7.041899054752,-73.55875583826));
#3379 = ( GEOMETRIC_REPRESENTATION_CONTEXT(2) 
PARAMETRIC_REPRESENTATION_CONTEXT() REPRESENTATION_CONTEXT('2D SPACE',''
  ) );
#3380 = PCURVE('',#730,#3381);
#3381 = DEFINITIONAL_REPRESENTATION('',(#3382),#3469);
#3382 = B_SPLINE_CURVE_WITH_KNOTS('',7,(#3383,#3384,#3385,#3386,#3387,
    #3388,#3389,#3390,#3391,#3392,#3393,#3394,#3395,#3396,#3397,#3398,
    #3399,#3400,#3401,#3402,#3403,#3404,#3405,#3406,#3407,#3408,#3409,
    #3410,#3411,#3412,#3413,#3414,#3415,#3416,#3417,#3418,#3419,#3420,
    #3421,#3422,#3423,#3424,#3425,#3426,#3427,#3428,#3429,#3430,#3431,
    #3432,#3433,#3434,#3435,#3436,#3437,#3438,#3439,#3440,#3441,#3442,
    #3443,#3444,#3445,#3446,#3447,#3448,#3449,#3450,#3451,#3452,#3453,
    #3454,#3455,#3456,#3457,#3458,#3459,#3460,#3461,#3462,#3463,#3464,
    #3465,#3466,#3467,#3468),.UNSPECIFIED.,.F.,.F.,(8,6,6,6,6,6,6,6,6,6,
    6,6,6,6,8),(0.,0.12026671222,0.166137214147,0.249602827882,
    0.317428144389,0.355968033313,0.398898013482,0.499996489749,
    0.600115146534,0.643718185362,0.683052867521,0.750392986256,
    0.833860622544,0.879591738642,1.),.UNSPECIFIED.);
#3383 = CARTESIAN_POINT('',(0.267323491515,-15.77973383805));
#3384 = CARTESIAN_POINT('',(0.288179275463,-17.13095533569));
#3385 = CARTESIAN_POINT('',(0.311393821674,-18.46999664104));
#3386 = CARTESIAN_POINT('',(0.33702111737,-19.79205906398));
#3387 = CARTESIAN_POINT('',(0.365115415162,-21.09227558638));
#3388 = CARTESIAN_POINT('',(0.395738282382,-22.36573215781));
#3389 = CARTESIAN_POINT('',(0.428966669021,-23.60745392431));
#3390 = CARTESIAN_POINT('',(0.478613781108,-25.27195819027));
#3391 = CARTESIAN_POINT('',(0.492708217925,-25.72592411651));
#3392 = CARTESIAN_POINT('',(0.507185769353,-26.17372002833));
#3393 = CARTESIAN_POINT('',(0.522042498529,-26.61482616992));
#3394 = CARTESIAN_POINT('',(0.537274479507,-27.04876841695));
#3395 = CARTESIAN_POINT('',(0.552877995608,-27.47511752225));
#3396 = CARTESIAN_POINT('',(0.597911797334,-28.65475273437));
#3397 = CARTESIAN_POINT('',(0.628222683662,-29.39037206726));
#3398 = CARTESIAN_POINT('',(0.659686150882,-30.09583682829));
#3399 = CARTESIAN_POINT('',(0.692202305176,-30.76779593558));
#3400 = CARTESIAN_POINT('',(0.725666709023,-31.40389860096));
#3401 = CARTESIAN_POINT('',(0.759969485476,-32.00263617345));
#3402 = CARTESIAN_POINT('',(0.823456172452,-33.01869291505));
#3403 = CARTESIAN_POINT('',(0.852357430474,-33.44838748019));
#3404 = CARTESIAN_POINT('',(0.881638105289,-33.85202859269));
#3405 = CARTESIAN_POINT('',(0.911235618778,-34.22964674333));
#3406 = CARTESIAN_POINT('',(0.941083640223,-34.58150212457));
#3407 = CARTESIAN_POINT('',(0.971110820622,-34.90804475596));
#3408 = CARTESIAN_POINT('',(1.018359343879,-35.38138120347));
#3409 = CARTESIAN_POINT('',(1.035517553723,-35.54496504392));
#3410 = CARTESIAN_POINT('',(1.052707547064,-35.70080349335));
#3411 = CARTESIAN_POINT('',(1.069922603249,-35.84907403999));
#3412 = CARTESIAN_POINT('',(1.087155822889,-35.98995341613));
#3413 = CARTESIAN_POINT('',(1.104400060281,-36.12361671657));
#3414 = CARTESIAN_POINT('',(1.14086035339,-36.39127962002));
#3415 = CARTESIAN_POINT('',(1.160077777227,-36.52358714549));
#3416 = CARTESIAN_POINT('',(1.179296256291,-36.64744372909));
#3417 = CARTESIAN_POINT('',(1.198511875863,-36.76311680474));
#3418 = CARTESIAN_POINT('',(1.217720677562,-36.8708566046));
#3419 = CARTESIAN_POINT('',(1.236918659348,-36.97089615911));
#3420 = CARTESIAN_POINT('',(1.301277287078,-37.28141513872));
#3421 = CARTESIAN_POINT('',(1.346356471559,-37.45780540468));
#3422 = CARTESIAN_POINT('',(1.391349905357,-37.59579661213));
#3423 = CARTESIAN_POINT('',(1.436272550624,-37.69772076786));
#3424 = CARTESIAN_POINT('',(1.481141842688,-37.76512672881));
#3425 = CARTESIAN_POINT('',(1.525976538595,-37.79880950506));
#3426 = CARTESIAN_POINT('',(1.615181733555,-37.79880950506));
#3427 = CARTESIAN_POINT('',(1.659581295506,-37.7657764545));
#3428 = CARTESIAN_POINT('',(1.704014361812,-37.699672352));
#3429 = CARTESIAN_POINT('',(1.748499393992,-37.5997324146));
#3430 = CARTESIAN_POINT('',(1.793053581771,-37.46446587197));
#3431 = CARTESIAN_POINT('',(1.837691744968,-37.29162820713));
#3432 = CARTESIAN_POINT('',(1.901906254863,-36.98519864128));
#3433 = CARTESIAN_POINT('',(1.921403571149,-36.88453798398));
#3434 = CARTESIAN_POINT('',(1.940912313944,-36.77595826972));
#3435 = CARTESIAN_POINT('',(1.960428370077,-36.65921642531));
#3436 = CARTESIAN_POINT('',(1.979947669518,-36.53405090655));
#3437 = CARTESIAN_POINT('',(1.999466185371,-36.40018169822));
#3438 = CARTESIAN_POINT('',(2.036583456834,-36.12842479063));
#3439 = CARTESIAN_POINT('',(2.054183589399,-35.9922095173));
#3440 = CARTESIAN_POINT('',(2.071772376413,-35.84848120313));
#3441 = CARTESIAN_POINT('',(2.089342206066,-35.69705382703));
#3442 = CARTESIAN_POINT('',(2.106885735096,-35.5377396159));
#3443 = CARTESIAN_POINT('',(2.12439581399,-35.37035002281));
#3444 = CARTESIAN_POINT('',(2.171772983622,-34.89398205289));
#3445 = CARTESIAN_POINT('',(2.20157828963,-34.56888220706));
#3446 = CARTESIAN_POINT('',(2.231205317,-34.21881493187));
#3447 = CARTESIAN_POINT('',(2.260584153088,-33.84334502992));
#3448 = CARTESIAN_POINT('',(2.289649763691,-33.44222295256));
#3449 = CARTESIAN_POINT('',(2.318340770938,-33.01542341023));
#3450 = CARTESIAN_POINT('',(2.381623168113,-32.00263617345));
#3451 = CARTESIAN_POINT('',(2.415925944566,-31.40389860097));
#3452 = CARTESIAN_POINT('',(2.449390348414,-30.76779593559));
#3453 = CARTESIAN_POINT('',(2.481906502707,-30.09583682829));
#3454 = CARTESIAN_POINT('',(2.513369969928,-29.39037206726));
#3455 = CARTESIAN_POINT('',(2.543680856256,-28.65475273437));
#3456 = CARTESIAN_POINT('',(2.588665739106,-27.4763989248));
#3457 = CARTESIAN_POINT('',(2.604222615047,-27.05137932362));
#3458 = CARTESIAN_POINT('',(2.619410250251,-26.61881143508));
#3459 = CARTESIAN_POINT('',(2.634224949697,-26.17912077779));
#3460 = CARTESIAN_POINT('',(2.648662812179,-25.73277725649));
#3461 = CARTESIAN_POINT('',(2.662719925718,-25.28029590652));
#3462 = CARTESIAN_POINT('',(2.712392088509,-23.6161879205));
#3463 = CARTESIAN_POINT('',(2.745674422888,-22.3732118119));
#3464 = CARTESIAN_POINT('',(2.776345315156,-21.09838246368));
#3465 = CARTESIAN_POINT('',(2.804481678465,-19.79669937371));
#3466 = CARTESIAN_POINT('',(2.830144992955,-18.47310617117));
#3467 = CARTESIAN_POINT('',(2.853389462151,-17.13250482342));
#3468 = CARTESIAN_POINT('',(2.874269162074,-15.77973383806));
#3469 = ( GEOMETRIC_REPRESENTATION_CONTEXT(2) 
PARAMETRIC_REPRESENTATION_CONTEXT() REPRESENTATION_CONTEXT('2D SPACE',''
  ) );
#3470 = ORIENTED_EDGE('',*,*,#3471,.F.);
#3471 = EDGE_CURVE('',#3472,#3200,#3474,.T.);
#3472 = VERTEX_POINT('',#3473);
#3473 = CARTESIAN_POINT('',(99.657459761814,74.811094850467,
    21.236853963998));
#3474 = SURFACE_CURVE('',#3475,(#3479,#3485),.PCURVE_S1.);
#3475 = LINE('',#3476,#3477);
#3476 = CARTESIAN_POINT('',(23.,74.811094850467,21.236853963998));
#3477 = VECTOR('',#3478,1.);
#3478 = DIRECTION('',(-1.,-0.,-0.));
#3479 = PCURVE('',#95,#3480);
#3480 = DEFINITIONAL_REPRESENTATION('',(#3481),#3484);
#3481 = B_SPLINE_CURVE_WITH_KNOTS('',1,(#3482,#3483),.UNSPECIFIED.,.F.,
  .F.,(2,2),(-76.96733015416,-73.2488854459),.PIECEWISE_BEZIER_KNOTS.);
#3482 = CARTESIAN_POINT('',(-7.041899054752,-76.96733015416));
#3483 = CARTESIAN_POINT('',(-7.041899054752,-73.2488854459));
#3484 = ( GEOMETRIC_REPRESENTATION_CONTEXT(2) 
PARAMETRIC_REPRESENTATION_CONTEXT() REPRESENTATION_CONTEXT('2D SPACE',''
  ) );
#3485 = PCURVE('',#826,#3486);
#3486 = DEFINITIONAL_REPRESENTATION('',(#3487),#3490);
#3487 = B_SPLINE_CURVE_WITH_KNOTS('',1,(#3488,#3489),.UNSPECIFIED.,.F.,
  .F.,(2,2),(-76.96733015416,-73.2488854459),.PIECEWISE_BEZIER_KNOTS.);
#3488 = CARTESIAN_POINT('',(-0.309870392355,-15.77973383806));
#3489 = CARTESIAN_POINT('',(3.408574315905,-15.77973383806));
#3490 = ( GEOMETRIC_REPRESENTATION_CONTEXT(2) 
PARAMETRIC_REPRESENTATION_CONTEXT() REPRESENTATION_CONTEXT('2D SPACE',''
  ) );
#3491 = ORIENTED_EDGE('',*,*,#3492,.F.);
#3492 = EDGE_CURVE('',#3493,#3472,#3495,.T.);
#3493 = VERTEX_POINT('',#3494);
#3494 = CARTESIAN_POINT('',(77.263398367589,46.760474438399,
    36.318115442978));
#3495 = SURFACE_CURVE('',#3496,(#3535,#3577),.PCURVE_S1.);
#3496 = B_SPLINE_CURVE_WITH_KNOTS('',7,(#3497,#3498,#3499,#3500,#3501,
    #3502,#3503,#3504,#3505,#3506,#3507,#3508,#3509,#3510,#3511,#3512,
    #3513,#3514,#3515,#3516,#3517,#3518,#3519,#3520,#3521,#3522,#3523,
    #3524,#3525,#3526,#3527,#3528,#3529,#3530,#3531,#3532,#3533,#3534),
  .UNSPECIFIED.,.F.,.F.,(8,6,6,6,6,6,8),(0.,0.22471283724,0.308717607801
    ,0.458859174236,0.636440192388,0.734897545801,1.),.UNSPECIFIED.);
#3497 = CARTESIAN_POINT('',(77.263398367589,46.760474438399,
    36.318115442978));
#3498 = CARTESIAN_POINT('',(78.50957427758,46.952507265316,
    36.089259631603));
#3499 = CARTESIAN_POINT('',(79.74698360796,47.192449597771,
    35.807075362729));
#3500 = CARTESIAN_POINT('',(80.971072648346,47.482485678925,
    35.47220889157));
#3501 = CARTESIAN_POINT('',(82.17725894074,47.82531482286,
    35.085943215599));
#3502 = CARTESIAN_POINT('',(83.360979542606,48.224177309175,
    34.650210533621));
#3503 = CARTESIAN_POINT('',(84.517739462427,48.682889785307,
    34.167627818679));
#3504 = CARTESIAN_POINT('',(86.06387818355,49.401404275405,
    33.444893024076));
#3505 = CARTESIAN_POINT('',(86.480052361011,49.605826413481,
    33.24222959751));
#3506 = CARTESIAN_POINT('',(86.891296534026,49.819299784191,
    33.0338259661));
#3507 = CARTESIAN_POINT('',(87.297248662253,50.041963258186,
    32.819965843954));
#3508 = CARTESIAN_POINT('',(87.697570758563,50.273950877576,
    32.600953959341));
#3509 = CARTESIAN_POINT('',(88.091948716476,50.515391350156,
    32.377114095734));
#3510 = CARTESIAN_POINT('',(89.173820134959,51.215048308108,
    31.740698786953));
#3511 = CARTESIAN_POINT('',(89.848056289088,51.694552327807,
    31.318026928413));
#3512 = CARTESIAN_POINT('',(90.500065434026,52.205019260494,
    30.883296063006));
#3513 = CARTESIAN_POINT('',(91.127645227337,52.7462992589,
    30.439269633736));
#3514 = CARTESIAN_POINT('',(91.729093660197,53.317963543421,
    29.988864040464));
#3515 = CARTESIAN_POINT('',(92.303176567482,53.919274974837,
    29.535062659539));
#3516 = CARTESIAN_POINT('',(93.494784255511,55.294158049446,
    28.543582755053));
#3517 = CARTESIAN_POINT('',(94.100022370311,56.077914915808,
    28.006607161619));
#3518 = CARTESIAN_POINT('',(94.663632644347,56.898316076554,
    27.474886751753));
#3519 = CARTESIAN_POINT('',(95.185310550796,57.752558828536,
    26.953319557336));
#3520 = CARTESIAN_POINT('',(95.665504344492,58.637048848285,
    26.446556892947));
#3521 = CARTESIAN_POINT('',(96.105292903115,59.54729682911,
    25.958836214954));
#3522 = CARTESIAN_POINT('',(96.728572152343,60.993726172273,
    25.235979377295));
#3523 = CARTESIAN_POINT('',(96.939073337358,61.516155507475,
    24.984983366325));
#3524 = CARTESIAN_POINT('',(97.138189264438,62.044594618433,
    24.741248175358));
#3525 = CARTESIAN_POINT('',(97.326350796094,62.578500273446,
    24.50516689209));
#3526 = CARTESIAN_POINT('',(97.503993538155,63.117293316516,
    24.277094269575));
#3527 = CARTESIAN_POINT('',(97.671556490978,63.660358765516,
    24.057343591948));
#3528 = CARTESIAN_POINT('',(98.25470130749,65.679034530387,
    23.277622167877));
#3529 = CARTESIAN_POINT('',(98.60943576867,67.175183226109,
    22.772151887546));
#3530 = CARTESIAN_POINT('',(98.904544870912,68.689231669125,
    22.33215800855));
#3531 = CARTESIAN_POINT('',(99.149379172079,70.21530683018,
    21.95875083917));
#3532 = CARTESIAN_POINT('',(99.352037288304,71.747823356638,
    21.65217012168));
#3533 = CARTESIAN_POINT('',(99.519450341274,73.281447113963,
    21.411917043839));
#3534 = CARTESIAN_POINT('',(99.657459761814,74.811094850467,
    21.236853963998));
#3535 = PCURVE('',#95,#3536);
#3536 = DEFINITIONAL_REPRESENTATION('',(#3537),#3576);
#3537 = B_SPLINE_CURVE_WITH_KNOTS('',7,(#3538,#3539,#3540,#3541,#3542,
    #3543,#3544,#3545,#3546,#3547,#3548,#3549,#3550,#3551,#3552,#3553,
    #3554,#3555,#3556,#3557,#3558,#3559,#3560,#3561,#3562,#3563,#3564,
    #3565,#3566,#3567,#3568,#3569,#3570,#3571,#3572,#3573,#3574,#3575),
  .UNSPECIFIED.,.F.,.F.,(8,6,6,6,6,6,8),(0.,0.22471283724,0.308717607801
    ,0.458859174236,0.636440192388,0.734897545801,1.),.UNSPECIFIED.);
#3538 = CARTESIAN_POINT('',(-6.28318530718,-54.26339836758));
#3539 = CARTESIAN_POINT('',(-6.29013298263,-55.50957427758));
#3540 = CARTESIAN_POINT('',(-6.298746884817,-56.74698360796));
#3541 = CARTESIAN_POINT('',(-6.309048681936,-57.97107264834));
#3542 = CARTESIAN_POINT('',(-6.321057637202,-59.17725894074));
#3543 = CARTESIAN_POINT('',(-6.334792097643,-60.3609795426));
#3544 = CARTESIAN_POINT('',(-6.350272165399,-61.51773946242));
#3545 = CARTESIAN_POINT('',(-6.373972665674,-63.06387818355));
#3546 = CARTESIAN_POINT('',(-6.380666807325,-63.48005236101));
#3547 = CARTESIAN_POINT('',(-6.387604461877,-63.89129653402));
#3548 = CARTESIAN_POINT('',(-6.394783815338,-64.29724866225));
#3549 = CARTESIAN_POINT('',(-6.402202803445,-64.69757075856));
#3550 = CARTESIAN_POINT('',(-6.409859160777,-65.09194871647));
#3551 = CARTESIAN_POINT('',(-6.431854591543,-66.17382013495));
#3552 = CARTESIAN_POINT('',(-6.446717908553,-66.84805628908));
#3553 = CARTESIAN_POINT('',(-6.462307094556,-67.50006543402));
#3554 = CARTESIAN_POINT('',(-6.478583270111,-68.12764522733));
#3555 = CARTESIAN_POINT('',(-6.495502784576,-68.72909366019));
#3556 = CARTESIAN_POINT('',(-6.513017998032,-69.30317656748));
#3557 = CARTESIAN_POINT('',(-6.552438735231,-70.49478425551));
#3558 = CARTESIAN_POINT('',(-6.574526784053,-71.10002237031));
#3559 = CARTESIAN_POINT('',(-6.597250480488,-71.66363264434));
#3560 = CARTESIAN_POINT('',(-6.620511122945,-72.18531055079));
#3561 = CARTESIAN_POINT('',(-6.644202424889,-72.66550434449));
#3562 = CARTESIAN_POINT('',(-6.668208473104,-73.10529290311));
#3563 = CARTESIAN_POINT('',(-6.705813058486,-73.72857215234));
#3564 = CARTESIAN_POINT('',(-6.719290399529,-73.93907333735));
#3565 = CARTESIAN_POINT('',(-6.732821213993,-74.13818926443));
#3566 = CARTESIAN_POINT('',(-6.74639423054,-74.32635079609));
#3567 = CARTESIAN_POINT('',(-6.759997915401,-74.50399353815));
#3568 = CARTESIAN_POINT('',(-6.773620415408,-74.67155649097));
#3569 = CARTESIAN_POINT('',(-6.823946648815,-75.25470130749));
#3570 = CARTESIAN_POINT('',(-6.860639259173,-75.60943576867));
#3571 = CARTESIAN_POINT('',(-6.897252261582,-75.9045448709));
#3572 = CARTESIAN_POINT('',(-6.93372953941,-76.14937917208));
#3573 = CARTESIAN_POINT('',(-6.970023976451,-76.3520372883));
#3574 = CARTESIAN_POINT('',(-7.006093639885,-76.51945034127));
#3575 = CARTESIAN_POINT('',(-7.041899054752,-76.65745976181));
#3576 = ( GEOMETRIC_REPRESENTATION_CONTEXT(2) 
PARAMETRIC_REPRESENTATION_CONTEXT() REPRESENTATION_CONTEXT('2D SPACE',''
  ) );
#3577 = PCURVE('',#509,#3578);
#3578 = DEFINITIONAL_REPRESENTATION('',(#3579),#3618);
#3579 = B_SPLINE_CURVE_WITH_KNOTS('',7,(#3580,#3581,#3582,#3583,#3584,
    #3585,#3586,#3587,#3588,#3589,#3590,#3591,#3592,#3593,#3594,#3595,
    #3596,#3597,#3598,#3599,#3600,#3601,#3602,#3603,#3604,#3605,#3606,
    #3607,#3608,#3609,#3610,#3611,#3612,#3613,#3614,#3615,#3616,#3617),
  .UNSPECIFIED.,.F.,.F.,(8,6,6,6,6,6,8),(0.,0.22471283724,0.308717607801
    ,0.458859174236,0.636440192388,0.734897545801,1.),.UNSPECIFIED.);
#3580 = CARTESIAN_POINT('',(1.784743362268,-38.97123484257));
#3581 = CARTESIAN_POINT('',(1.827972209566,-38.84497761812));
#3582 = CARTESIAN_POINT('',(1.87137063909,-38.6862457854));
#3583 = CARTESIAN_POINT('',(1.914919357816,-38.49276226436));
#3584 = CARTESIAN_POINT('',(1.958599220018,-38.26158765364));
#3585 = CARTESIAN_POINT('',(2.002390619608,-37.98909199364));
#3586 = CARTESIAN_POINT('',(2.046272097517,-37.67091136356));
#3587 = CARTESIAN_POINT('',(2.106646594669,-37.16393719042));
#3588 = CARTESIAN_POINT('',(2.123077642433,-37.01893372233));
#3589 = CARTESIAN_POINT('',(2.139503571198,-36.86667310921));
#3590 = CARTESIAN_POINT('',(2.155916969699,-36.70694778171));
#3591 = CARTESIAN_POINT('',(2.172310692693,-36.5395493956));
#3592 = CARTESIAN_POINT('',(2.188677802044,-36.36426982738));
#3593 = CARTESIAN_POINT('',(2.234204709024,-35.85316950466));
#3594 = CARTESIAN_POINT('',(2.263308985961,-35.49939971504));
#3595 = CARTESIAN_POINT('',(2.292242095536,-35.11884314875));
#3596 = CARTESIAN_POINT('',(2.320928697817,-34.71092931546));
#3597 = CARTESIAN_POINT('',(2.349298925104,-34.27531756463));
#3598 = CARTESIAN_POINT('',(2.377286951013,-33.81194776346));
#3599 = CARTESIAN_POINT('',(2.437405778004,-32.74052657569));
#3600 = CARTESIAN_POINT('',(2.469305945443,-32.12245508727));
#3601 = CARTESIAN_POINT('',(2.500425137329,-31.46762778694));
#3602 = CARTESIAN_POINT('',(2.530665323179,-30.77748417409));
#3603 = CARTESIAN_POINT('',(2.559932269242,-30.05429224981));
#3604 = CARTESIAN_POINT('',(2.588135013798,-29.30129161696));
#3605 = CARTESIAN_POINT('',(2.630187024173,-28.09123727497));
#3606 = CARTESIAN_POINT('',(2.644840995055,-27.65157183557));
#3607 = CARTESIAN_POINT('',(2.659146602957,-27.20422216006));
#3608 = CARTESIAN_POINT('',(2.673100305047,-26.74961123138));
#3609 = CARTESIAN_POINT('',(2.686698407938,-26.28820665443));
#3610 = CARTESIAN_POINT('',(2.699937235185,-25.82052137242));
#3611 = CARTESIAN_POINT('',(2.747482873839,-24.07243707065));
#3612 = CARTESIAN_POINT('',(2.779473037106,-22.75809374076));
#3613 = CARTESIAN_POINT('',(2.808883894698,-21.40951404301));
#3614 = CARTESIAN_POINT('',(2.835788166607,-20.03208351911));
#3615 = CARTESIAN_POINT('',(2.860244125342,-18.63113515553));
#3616 = CARTESIAN_POINT('',(2.882303721356,-17.21195043271));
#3617 = CARTESIAN_POINT('',(2.902019352862,-15.77973383805));
#3618 = ( GEOMETRIC_REPRESENTATION_CONTEXT(2) 
PARAMETRIC_REPRESENTATION_CONTEXT() REPRESENTATION_CONTEXT('2D SPACE',''
  ) );
#3619 = ORIENTED_EDGE('',*,*,#3620,.T.);
#3620 = EDGE_CURVE('',#3493,#3621,#3623,.T.);
#3621 = VERTEX_POINT('',#3622);
#3622 = CARTESIAN_POINT('',(119.,46.760474438399,36.318115442978));
#3623 = SURFACE_CURVE('',#3624,(#3628,#3635),.PCURVE_S1.);
#3624 = LINE('',#3625,#3626);
#3625 = CARTESIAN_POINT('',(23.,46.760474438399,36.318115442978));
#3626 = VECTOR('',#3627,1.);
#3627 = DIRECTION('',(1.,0.,0.));
#3628 = PCURVE('',#95,#3629);
#3629 = DEFINITIONAL_REPRESENTATION('',(#3630),#3634);
#3630 = LINE('',#3631,#3632);
#3631 = CARTESIAN_POINT('',(-6.28318530718,0.));
#3632 = VECTOR('',#3633,1.);
#3633 = DIRECTION('',(-0.,-1.));
#3634 = ( GEOMETRIC_REPRESENTATION_CONTEXT(2) 
PARAMETRIC_REPRESENTATION_CONTEXT() REPRESENTATION_CONTEXT('2D SPACE',''
  ) );
#3635 = PCURVE('',#292,#3636);
#3636 = DEFINITIONAL_REPRESENTATION('',(#3637),#3641);
#3637 = LINE('',#3638,#3639);
#3638 = CARTESIAN_POINT('',(50.203518566881,0.));
#3639 = VECTOR('',#3640,1.);
#3640 = DIRECTION('',(0.,-1.));
#3641 = ( GEOMETRIC_REPRESENTATION_CONTEXT(2) 
PARAMETRIC_REPRESENTATION_CONTEXT() REPRESENTATION_CONTEXT('2D SPACE',''
  ) );
#3642 = ORIENTED_EDGE('',*,*,#3643,.T.);
#3643 = EDGE_CURVE('',#3621,#3644,#3646,.T.);
#3644 = VERTEX_POINT('',#3645);
#3645 = CARTESIAN_POINT('',(119.,99.221976981316,25.644702119399));
#3646 = SURFACE_CURVE('',#3647,(#3652,#3659),.PCURVE_S1.);
#3647 = CIRCLE('',#3648,43.);
#3648 = AXIS2_PLACEMENT_3D('',#3649,#3650,#3651);
#3649 = CARTESIAN_POINT('',(119.,79.700385492515,63.957982659499));
#3650 = DIRECTION('',(1.,0.,0.));
#3651 = DIRECTION('',(0.,-0.766044443119,-0.642787609687));
#3652 = PCURVE('',#95,#3653);
#3653 = DEFINITIONAL_REPRESENTATION('',(#3654),#3658);
#3654 = LINE('',#3655,#3656);
#3655 = CARTESIAN_POINT('',(-0.,-96.));
#3656 = VECTOR('',#3657,1.);
#3657 = DIRECTION('',(-1.,0.));
#3658 = ( GEOMETRIC_REPRESENTATION_CONTEXT(2) 
PARAMETRIC_REPRESENTATION_CONTEXT() REPRESENTATION_CONTEXT('2D SPACE',''
  ) );
#3659 = PCURVE('',#987,#3660);
#3660 = DEFINITIONAL_REPRESENTATION('',(#3661),#3665);
#3661 = CIRCLE('',#3662,43.);
#3662 = AXIS2_PLACEMENT_2D('',#3663,#3664);
#3663 = CARTESIAN_POINT('',(27.508490836568,26.282321783797));
#3664 = DIRECTION('',(-0.766044443119,-0.642787609687));
#3665 = ( GEOMETRIC_REPRESENTATION_CONTEXT(2) 
PARAMETRIC_REPRESENTATION_CONTEXT() REPRESENTATION_CONTEXT('2D SPACE',''
  ) );
#3666 = ORIENTED_EDGE('',*,*,#3667,.F.);
#3667 = EDGE_CURVE('',#2139,#3644,#3668,.T.);
#3668 = SURFACE_CURVE('',#3669,(#3673,#3680),.PCURVE_S1.);
#3669 = LINE('',#3670,#3671);
#3670 = CARTESIAN_POINT('',(23.,99.221976981316,25.644702119399));
#3671 = VECTOR('',#3672,1.);
#3672 = DIRECTION('',(1.,0.,0.));
#3673 = PCURVE('',#95,#3674);
#3674 = DEFINITIONAL_REPRESENTATION('',(#3675),#3679);
#3675 = LINE('',#3676,#3677);
#3676 = CARTESIAN_POINT('',(-7.627088831215,0.));
#3677 = VECTOR('',#3678,1.);
#3678 = DIRECTION('',(-0.,-1.));
#3679 = ( GEOMETRIC_REPRESENTATION_CONTEXT(2) 
PARAMETRIC_REPRESENTATION_CONTEXT() REPRESENTATION_CONTEXT('2D SPACE',''
  ) );
#3680 = PCURVE('',#1015,#3681);
#3681 = DEFINITIONAL_REPRESENTATION('',(#3682),#3686);
#3682 = LINE('',#3683,#3684);
#3683 = CARTESIAN_POINT('',(1.570796326795,0.));
#3684 = VECTOR('',#3685,1.);
#3685 = DIRECTION('',(0.,-1.));
#3686 = ( GEOMETRIC_REPRESENTATION_CONTEXT(2) 
PARAMETRIC_REPRESENTATION_CONTEXT() REPRESENTATION_CONTEXT('2D SPACE',''
  ) );
#3687 = ORIENTED_EDGE('',*,*,#2248,.T.);
#3688 = ORIENTED_EDGE('',*,*,#79,.F.);
#3689 = ADVANCED_FACE('',(#3690),#374,.F.);
#3690 = FACE_BOUND('',#3691,.F.);
#3691 = EDGE_LOOP('',(#3692,#3693,#3716,#3737,#3738,#3764));
#3692 = ORIENTED_EDGE('',*,*,#358,.F.);
#3693 = ORIENTED_EDGE('',*,*,#3694,.T.);
#3694 = EDGE_CURVE('',#331,#3695,#3697,.T.);
#3695 = VERTEX_POINT('',#3696);
#3696 = CARTESIAN_POINT('',(119.,28.781362430001,51.521891463199));
#3697 = SURFACE_CURVE('',#3698,(#3702,#3709),.PCURVE_S1.);
#3698 = LINE('',#3699,#3700);
#3699 = CARTESIAN_POINT('',(23.,28.781362430001,51.521891463199));
#3700 = VECTOR('',#3701,1.);
#3701 = DIRECTION('',(1.,0.,0.));
#3702 = PCURVE('',#374,#3703);
#3703 = DEFINITIONAL_REPRESENTATION('',(#3704),#3708);
#3704 = LINE('',#3705,#3706);
#3705 = CARTESIAN_POINT('',(27.,0.));
#3706 = VECTOR('',#3707,1.);
#3707 = DIRECTION('',(0.,-1.));
#3708 = ( GEOMETRIC_REPRESENTATION_CONTEXT(2) 
PARAMETRIC_REPRESENTATION_CONTEXT() REPRESENTATION_CONTEXT('2D SPACE',''
  ) );
#3709 = PCURVE('',#346,#3710);
#3710 = DEFINITIONAL_REPRESENTATION('',(#3711),#3715);
#3711 = LINE('',#3712,#3713);
#3712 = CARTESIAN_POINT('',(27.603196061356,0.));
#3713 = VECTOR('',#3714,1.);
#3714 = DIRECTION('',(0.,-1.));
#3715 = ( GEOMETRIC_REPRESENTATION_CONTEXT(2) 
PARAMETRIC_REPRESENTATION_CONTEXT() REPRESENTATION_CONTEXT('2D SPACE',''
  ) );
#3716 = ORIENTED_EDGE('',*,*,#3717,.T.);
#3717 = EDGE_CURVE('',#3695,#948,#3718,.T.);
#3718 = SURFACE_CURVE('',#3719,(#3723,#3730),.PCURVE_S1.);
#3719 = LINE('',#3720,#3721);
#3720 = CARTESIAN_POINT('',(119.,11.426096968464,72.205091427412));
#3721 = VECTOR('',#3722,1.);
#3722 = DIRECTION('',(-0.,0.642787609687,-0.766044443119));
#3723 = PCURVE('',#374,#3724);
#3724 = DEFINITIONAL_REPRESENTATION('',(#3725),#3729);
#3725 = LINE('',#3726,#3727);
#3726 = CARTESIAN_POINT('',(0.,-96.));
#3727 = VECTOR('',#3728,1.);
#3728 = DIRECTION('',(1.,0.));
#3729 = ( GEOMETRIC_REPRESENTATION_CONTEXT(2) 
PARAMETRIC_REPRESENTATION_CONTEXT() REPRESENTATION_CONTEXT('2D SPACE',''
  ) );
#3730 = PCURVE('',#987,#3731);
#3731 = DEFINITIONAL_REPRESENTATION('',(#3732),#3736);
#3732 = LINE('',#3733,#3734);
#3733 = CARTESIAN_POINT('',(-40.76579768748,34.52943055171));
#3734 = VECTOR('',#3735,1.);
#3735 = DIRECTION('',(0.642787609687,-0.766044443119));
#3736 = ( GEOMETRIC_REPRESENTATION_CONTEXT(2) 
PARAMETRIC_REPRESENTATION_CONTEXT() REPRESENTATION_CONTEXT('2D SPACE',''
  ) );
#3737 = ORIENTED_EDGE('',*,*,#947,.F.);
#3738 = ORIENTED_EDGE('',*,*,#3739,.F.);
#3739 = EDGE_CURVE('',#413,#838,#3740,.T.);
#3740 = SURFACE_CURVE('',#3741,(#3746,#3753),.PCURVE_S1.);
#3741 = ELLIPSE('',#3742,32.549648609394,29.5);
#3742 = AXIS2_PLACEMENT_3D('',#3743,#3744,#3745);
#3743 = CARTESIAN_POINT('',(71.,62.942837562824,10.809830745339));
#3744 = DIRECTION('',(0.,0.766044443119,0.642787609687));
#3745 = DIRECTION('',(0.,0.642787609687,-0.766044443119));
#3746 = PCURVE('',#374,#3747);
#3747 = DEFINITIONAL_REPRESENTATION('',(#3748),#3752);
#3748 = ELLIPSE('',#3749,32.549648609394,29.5);
#3749 = AXIS2_PLACEMENT_2D('',#3750,#3751);
#3750 = CARTESIAN_POINT('',(80.145820824833,-48.));
#3751 = DIRECTION('',(1.,0.));
#3752 = ( GEOMETRIC_REPRESENTATION_CONTEXT(2) 
PARAMETRIC_REPRESENTATION_CONTEXT() REPRESENTATION_CONTEXT('2D SPACE',''
  ) );
#3753 = PCURVE('',#509,#3754);
#3754 = DEFINITIONAL_REPRESENTATION('',(#3755),#3763);
#3755 = B_SPLINE_CURVE_WITH_KNOTS('',6,(#3756,#3757,#3758,#3759,#3760,
    #3761,#3762),.UNSPECIFIED.,.F.,.F.,(7,7),(2.584148150802,
    3.699037156377),.PIECEWISE_BEZIER_KNOTS.);
#3756 = CARTESIAN_POINT('',(1.013351824007,-41.61584292242));
#3757 = CARTESIAN_POINT('',(1.19916665827,-42.96806016378));
#3758 = CARTESIAN_POINT('',(1.384981492532,-43.83661076473));
#3759 = CARTESIAN_POINT('',(1.570796326795,-44.13747334242));
#3760 = CARTESIAN_POINT('',(1.756611161057,-43.83661076473));
#3761 = CARTESIAN_POINT('',(1.94242599532,-42.96806016378));
#3762 = CARTESIAN_POINT('',(2.128240829582,-41.61584292242));
#3763 = ( GEOMETRIC_REPRESENTATION_CONTEXT(2) 
PARAMETRIC_REPRESENTATION_CONTEXT() REPRESENTATION_CONTEXT('2D SPACE',''
  ) );
#3764 = ORIENTED_EDGE('',*,*,#412,.F.);
#3765 = ADVANCED_FACE('',(#3766),#346,.F.);
#3766 = FACE_BOUND('',#3767,.F.);
#3767 = EDGE_LOOP('',(#3768,#3769,#3790,#3811));
#3768 = ORIENTED_EDGE('',*,*,#330,.F.);
#3769 = ORIENTED_EDGE('',*,*,#3770,.F.);
#3770 = EDGE_CURVE('',#3771,#305,#3773,.T.);
#3771 = VERTEX_POINT('',#3772);
#3772 = CARTESIAN_POINT('',(119.,22.85,56.155979675361));
#3773 = SURFACE_CURVE('',#3774,(#3778,#3784),.PCURVE_S1.);
#3774 = LINE('',#3775,#3776);
#3775 = CARTESIAN_POINT('',(6.5,22.85,56.155979675361));
#3776 = VECTOR('',#3777,1.);
#3777 = DIRECTION('',(-1.,0.,0.));
#3778 = PCURVE('',#346,#3779);
#3779 = DEFINITIONAL_REPRESENTATION('',(#3780),#3783);
#3780 = B_SPLINE_CURVE_WITH_KNOTS('',1,(#3781,#3782),.UNSPECIFIED.,.F.,
  .F.,(2,2),(-112.5,-16.5),.PIECEWISE_BEZIER_KNOTS.);
#3781 = CARTESIAN_POINT('',(20.076189097488,-96.));
#3782 = CARTESIAN_POINT('',(20.076189097488,0.));
#3783 = ( GEOMETRIC_REPRESENTATION_CONTEXT(2) 
PARAMETRIC_REPRESENTATION_CONTEXT() REPRESENTATION_CONTEXT('2D SPACE',''
  ) );
#3784 = PCURVE('',#319,#3785);
#3785 = DEFINITIONAL_REPRESENTATION('',(#3786),#3789);
#3786 = B_SPLINE_CURVE_WITH_KNOTS('',1,(#3787,#3788),.UNSPECIFIED.,.F.,
  .F.,(2,2),(-112.5,-16.5),.PIECEWISE_BEZIER_KNOTS.);
#3787 = CARTESIAN_POINT('',(56.155979675361,129.));
#3788 = CARTESIAN_POINT('',(56.155979675361,33.));
#3789 = ( GEOMETRIC_REPRESENTATION_CONTEXT(2) 
PARAMETRIC_REPRESENTATION_CONTEXT() REPRESENTATION_CONTEXT('2D SPACE',''
  ) );
#3790 = ORIENTED_EDGE('',*,*,#3791,.T.);
#3791 = EDGE_CURVE('',#3771,#3695,#3792,.T.);
#3792 = SURFACE_CURVE('',#3793,(#3797,#3804),.PCURVE_S1.);
#3793 = LINE('',#3794,#3795);
#3794 = CARTESIAN_POINT('',(119.,7.029747099737,68.516115874037));
#3795 = VECTOR('',#3796,1.);
#3796 = DIRECTION('',(0.,0.788010753607,-0.615661475326));
#3797 = PCURVE('',#346,#3798);
#3798 = DEFINITIONAL_REPRESENTATION('',(#3799),#3803);
#3799 = LINE('',#3800,#3801);
#3800 = CARTESIAN_POINT('',(0.,-96.));
#3801 = VECTOR('',#3802,1.);
#3802 = DIRECTION('',(1.,0.));
#3803 = ( GEOMETRIC_REPRESENTATION_CONTEXT(2) 
PARAMETRIC_REPRESENTATION_CONTEXT() REPRESENTATION_CONTEXT('2D SPACE',''
  ) );
#3804 = PCURVE('',#987,#3805);
#3805 = DEFINITIONAL_REPRESENTATION('',(#3806),#3810);
#3806 = LINE('',#3807,#3808);
#3807 = CARTESIAN_POINT('',(-45.16214755621,30.840454998335));
#3808 = VECTOR('',#3809,1.);
#3809 = DIRECTION('',(0.788010753607,-0.615661475326));
#3810 = ( GEOMETRIC_REPRESENTATION_CONTEXT(2) 
PARAMETRIC_REPRESENTATION_CONTEXT() REPRESENTATION_CONTEXT('2D SPACE',''
  ) );
#3811 = ORIENTED_EDGE('',*,*,#3694,.F.);
#3812 = ADVANCED_FACE('',(#3813),#319,.F.);
#3813 = FACE_BOUND('',#3814,.F.);
#3814 = EDGE_LOOP('',(#3815,#3816,#3817,#3838));
#3815 = ORIENTED_EDGE('',*,*,#3770,.T.);
#3816 = ORIENTED_EDGE('',*,*,#304,.T.);
#3817 = ORIENTED_EDGE('',*,*,#3818,.F.);
#3818 = EDGE_CURVE('',#3819,#277,#3821,.T.);
#3819 = VERTEX_POINT('',#3820);
#3820 = CARTESIAN_POINT('',(119.,22.85,64.813509255572));
#3821 = SURFACE_CURVE('',#3822,(#3826,#3832),.PCURVE_S1.);
#3822 = LINE('',#3823,#3824);
#3823 = CARTESIAN_POINT('',(6.5,22.85,64.813509255572));
#3824 = VECTOR('',#3825,1.);
#3825 = DIRECTION('',(-1.,0.,0.));
#3826 = PCURVE('',#319,#3827);
#3827 = DEFINITIONAL_REPRESENTATION('',(#3828),#3831);
#3828 = B_SPLINE_CURVE_WITH_KNOTS('',1,(#3829,#3830),.UNSPECIFIED.,.F.,
  .F.,(2,2),(-112.5,-16.5),.PIECEWISE_BEZIER_KNOTS.);
#3829 = CARTESIAN_POINT('',(64.813509255572,129.));
#3830 = CARTESIAN_POINT('',(64.813509255572,33.));
#3831 = ( GEOMETRIC_REPRESENTATION_CONTEXT(2) 
PARAMETRIC_REPRESENTATION_CONTEXT() REPRESENTATION_CONTEXT('2D SPACE',''
  ) );
#3832 = PCURVE('',#292,#3833);
#3833 = DEFINITIONAL_REPRESENTATION('',(#3834),#3837);
#3834 = B_SPLINE_CURVE_WITH_KNOTS('',1,(#3835,#3836),.UNSPECIFIED.,.F.,
  .F.,(2,2),(-112.5,-16.5),.PIECEWISE_BEZIER_KNOTS.);
#3835 = CARTESIAN_POINT('',(13.005423771527,-96.));
#3836 = CARTESIAN_POINT('',(13.005423771527,0.));
#3837 = ( GEOMETRIC_REPRESENTATION_CONTEXT(2) 
PARAMETRIC_REPRESENTATION_CONTEXT() REPRESENTATION_CONTEXT('2D SPACE',''
  ) );
#3838 = ORIENTED_EDGE('',*,*,#3839,.F.);
#3839 = EDGE_CURVE('',#3771,#3819,#3840,.T.);
#3840 = SURFACE_CURVE('',#3841,(#3845,#3851),.PCURVE_S1.);
#3841 = LINE('',#3842,#3843);
#3842 = CARTESIAN_POINT('',(119.,22.85,18.837830437851));
#3843 = VECTOR('',#3844,1.);
#3844 = DIRECTION('',(0.,-0.,1.));
#3845 = PCURVE('',#319,#3846);
#3846 = DEFINITIONAL_REPRESENTATION('',(#3847),#3850);
#3847 = B_SPLINE_CURVE_WITH_KNOTS('',1,(#3848,#3849),.UNSPECIFIED.,.F.,
  .F.,(2,2),(-1.879847778352,56.652836208934),.PIECEWISE_BEZIER_KNOTS.);
#3848 = CARTESIAN_POINT('',(16.957982659499,129.));
#3849 = CARTESIAN_POINT('',(75.490666646785,129.));
#3850 = ( GEOMETRIC_REPRESENTATION_CONTEXT(2) 
PARAMETRIC_REPRESENTATION_CONTEXT() REPRESENTATION_CONTEXT('2D SPACE',''
  ) );
#3851 = PCURVE('',#987,#3852);
#3852 = DEFINITIONAL_REPRESENTATION('',(#3853),#3856);
#3853 = B_SPLINE_CURVE_WITH_KNOTS('',1,(#3854,#3855),.UNSPECIFIED.,.F.,
  .F.,(2,2),(-1.879847778352,56.652836208934),.PIECEWISE_BEZIER_KNOTS.);
#3854 = CARTESIAN_POINT('',(-29.34189465594,-20.7176782162));
#3855 = CARTESIAN_POINT('',(-29.34189465594,37.815005771083));
#3856 = ( GEOMETRIC_REPRESENTATION_CONTEXT(2) 
PARAMETRIC_REPRESENTATION_CONTEXT() REPRESENTATION_CONTEXT('2D SPACE',''
  ) );
#3857 = ADVANCED_FACE('',(#3858),#292,.T.);
#3858 = FACE_BOUND('',#3859,.T.);
#3859 = EDGE_LOOP('',(#3860,#3861,#3862,#3883,#3884,#3910));
#3860 = ORIENTED_EDGE('',*,*,#276,.F.);
#3861 = ORIENTED_EDGE('',*,*,#3818,.F.);
#3862 = ORIENTED_EDGE('',*,*,#3863,.T.);
#3863 = EDGE_CURVE('',#3819,#3621,#3864,.T.);
#3864 = SURFACE_CURVE('',#3865,(#3869,#3876),.PCURVE_S1.);
#3865 = LINE('',#3866,#3867);
#3866 = CARTESIAN_POINT('',(119.,14.49027474094,74.776241866158));
#3867 = VECTOR('',#3868,1.);
#3868 = DIRECTION('',(-0.,0.642787609687,-0.766044443119));
#3869 = PCURVE('',#292,#3870);
#3870 = DEFINITIONAL_REPRESENTATION('',(#3871),#3875);
#3871 = LINE('',#3872,#3873);
#3872 = CARTESIAN_POINT('',(0.,-96.));
#3873 = VECTOR('',#3874,1.);
#3874 = DIRECTION('',(1.,0.));
#3875 = ( GEOMETRIC_REPRESENTATION_CONTEXT(2) 
PARAMETRIC_REPRESENTATION_CONTEXT() REPRESENTATION_CONTEXT('2D SPACE',''
  ) );
#3876 = PCURVE('',#987,#3877);
#3877 = DEFINITIONAL_REPRESENTATION('',(#3878),#3882);
#3878 = LINE('',#3879,#3880);
#3879 = CARTESIAN_POINT('',(-37.701619915,37.100580990456));
#3880 = VECTOR('',#3881,1.);
#3881 = DIRECTION('',(0.642787609687,-0.766044443119));
#3882 = ( GEOMETRIC_REPRESENTATION_CONTEXT(2) 
PARAMETRIC_REPRESENTATION_CONTEXT() REPRESENTATION_CONTEXT('2D SPACE',''
  ) );
#3883 = ORIENTED_EDGE('',*,*,#3620,.F.);
#3884 = ORIENTED_EDGE('',*,*,#3885,.F.);
#3885 = EDGE_CURVE('',#3028,#3493,#3886,.T.);
#3886 = SURFACE_CURVE('',#3887,(#3892,#3899),.PCURVE_S1.);
#3887 = ELLIPSE('',#3888,32.549648609394,29.5);
#3888 = AXIS2_PLACEMENT_3D('',#3889,#3890,#3891);
#3889 = CARTESIAN_POINT('',(71.,67.205962475156,11.952131622831));
#3890 = DIRECTION('',(0.,0.766044443119,0.642787609687));
#3891 = DIRECTION('',(0.,0.642787609687,-0.766044443119));
#3892 = PCURVE('',#292,#3893);
#3893 = DEFINITIONAL_REPRESENTATION('',(#3894),#3898);
#3894 = ELLIPSE('',#3895,32.549648609394,29.5);
#3895 = AXIS2_PLACEMENT_2D('',#3896,#3897);
#3896 = CARTESIAN_POINT('',(82.011051457453,-48.));
#3897 = DIRECTION('',(1.,0.));
#3898 = ( GEOMETRIC_REPRESENTATION_CONTEXT(2) 
PARAMETRIC_REPRESENTATION_CONTEXT() REPRESENTATION_CONTEXT('2D SPACE',''
  ) );
#3899 = PCURVE('',#509,#3900);
#3900 = DEFINITIONAL_REPRESENTATION('',(#3901),#3909);
#3901 = B_SPLINE_CURVE_WITH_KNOTS('',6,(#3902,#3903,#3904,#3905,#3906,
    #3907,#3908),.UNSPECIFIED.,.F.,.F.,(7,7),(2.611814905593,
    3.671370401587),.PIECEWISE_BEZIER_KNOTS.);
#3902 = CARTESIAN_POINT('',(1.041018578798,-37.39917542632));
#3903 = CARTESIAN_POINT('',(1.217611161463,-38.62676176227));
#3904 = CARTESIAN_POINT('',(1.394203744129,-39.41013427763));
#3905 = CARTESIAN_POINT('',(1.570796326795,-39.68039659276));
#3906 = CARTESIAN_POINT('',(1.747388909461,-39.41013427763));
#3907 = CARTESIAN_POINT('',(1.923981492126,-38.62676176227));
#3908 = CARTESIAN_POINT('',(2.100574074792,-37.39917542632));
#3909 = ( GEOMETRIC_REPRESENTATION_CONTEXT(2) 
PARAMETRIC_REPRESENTATION_CONTEXT() REPRESENTATION_CONTEXT('2D SPACE',''
  ) );
#3910 = ORIENTED_EDGE('',*,*,#3027,.F.);
#3911 = ADVANCED_FACE('',(#3912),#1015,.T.);
#3912 = FACE_BOUND('',#3913,.T.);
#3913 = EDGE_LOOP('',(#3914,#3915,#3916,#3942));
#3914 = ORIENTED_EDGE('',*,*,#2138,.F.);
#3915 = ORIENTED_EDGE('',*,*,#3667,.T.);
#3916 = ORIENTED_EDGE('',*,*,#3917,.T.);
#3917 = EDGE_CURVE('',#3644,#971,#3918,.T.);
#3918 = SURFACE_CURVE('',#3919,(#3924,#3931),.PCURVE_S1.);
#3919 = CIRCLE('',#3920,2.);
#3920 = AXIS2_PLACEMENT_3D('',#3921,#3922,#3923);
#3921 = CARTESIAN_POINT('',(119.,100.12995798079,23.862689071023));
#3922 = DIRECTION('',(-1.,-0.,0.));
#3923 = DIRECTION('',(0.,-0.891006524188,-0.45399049974));
#3924 = PCURVE('',#1015,#3925);
#3925 = DEFINITIONAL_REPRESENTATION('',(#3926),#3930);
#3926 = LINE('',#3927,#3928);
#3927 = CARTESIAN_POINT('',(0.,-96.));
#3928 = VECTOR('',#3929,1.);
#3929 = DIRECTION('',(1.,0.));
#3930 = ( GEOMETRIC_REPRESENTATION_CONTEXT(2) 
PARAMETRIC_REPRESENTATION_CONTEXT() REPRESENTATION_CONTEXT('2D SPACE',''
  ) );
#3931 = PCURVE('',#987,#3932);
#3932 = DEFINITIONAL_REPRESENTATION('',(#3933),#3941);
#3933 = ( BOUNDED_CURVE() B_SPLINE_CURVE(2,(#3934,#3935,#3936,#3937,
#3938,#3939,#3940),.UNSPECIFIED.,.T.,.F.) B_SPLINE_CURVE_WITH_KNOTS((1,2
    ,2,2,2,1),(-2.094395102393,0.,2.094395102393,4.188790204786,
6.28318530718,8.377580409573),.UNSPECIFIED.) CURVE() 
GEOMETRIC_REPRESENTATION_ITEM() RATIONAL_B_SPLINE_CURVE((1.,0.5,1.,0.5,
1.,0.5,1.)) REPRESENTATION_ITEM('') );
#3934 = CARTESIAN_POINT('',(46.156050276471,-14.72095280415));
#3935 = CARTESIAN_POINT('',(44.583381053066,-11.63441566461));
#3936 = CARTESIAN_POINT('',(48.042735237334,-11.81571273517));
#3937 = CARTESIAN_POINT('',(51.502089421601,-11.99700980572));
#3938 = CARTESIAN_POINT('',(49.615404460739,-14.9022498747));
#3939 = CARTESIAN_POINT('',(47.728719499876,-17.80748994369));
#3940 = CARTESIAN_POINT('',(46.156050276471,-14.72095280415));
#3941 = ( GEOMETRIC_REPRESENTATION_CONTEXT(2) 
PARAMETRIC_REPRESENTATION_CONTEXT() REPRESENTATION_CONTEXT('2D SPACE',''
  ) );
#3942 = ORIENTED_EDGE('',*,*,#999,.F.);
#3943 = ADVANCED_FACE('',(#3944),#987,.T.);
#3944 = FACE_BOUND('',#3945,.T.);
#3945 = EDGE_LOOP('',(#3946,#3947,#3948,#3949,#3950,#3951,#3952));
#3946 = ORIENTED_EDGE('',*,*,#3917,.F.);
#3947 = ORIENTED_EDGE('',*,*,#3643,.F.);
#3948 = ORIENTED_EDGE('',*,*,#3863,.F.);
#3949 = ORIENTED_EDGE('',*,*,#3839,.F.);
#3950 = ORIENTED_EDGE('',*,*,#3791,.T.);
#3951 = ORIENTED_EDGE('',*,*,#3717,.T.);
#3952 = ORIENTED_EDGE('',*,*,#970,.T.);
#3953 = ADVANCED_FACE('',(#3954),#509,.F.);
#3954 = FACE_BOUND('',#3955,.F.);
#3955 = EDGE_LOOP('',(#3956,#3977,#3978,#3979,#3980,#4001,#4002,#4003));
#3956 = ORIENTED_EDGE('',*,*,#3957,.F.);
#3957 = EDGE_CURVE('',#436,#3051,#3958,.T.);
#3958 = SURFACE_CURVE('',#3959,(#3963,#3970),.PCURVE_S1.);
#3959 = LINE('',#3960,#3961);
#3960 = CARTESIAN_POINT('',(42.342540238186,-25.85795185807,
    -5.737335804366));
#3961 = VECTOR('',#3962,1.);
#3962 = DIRECTION('',(0.,0.965925826289,0.258819045103));
#3963 = PCURVE('',#509,#3964);
#3964 = DEFINITIONAL_REPRESENTATION('',(#3965),#3969);
#3965 = LINE('',#3966,#3967);
#3966 = CARTESIAN_POINT('',(0.239573300728,-120.));
#3967 = VECTOR('',#3968,1.);
#3968 = DIRECTION('',(-0.,1.));
#3969 = ( GEOMETRIC_REPRESENTATION_CONTEXT(2) 
PARAMETRIC_REPRESENTATION_CONTEXT() REPRESENTATION_CONTEXT('2D SPACE',''
  ) );
#3970 = PCURVE('',#565,#3971);
#3971 = DEFINITIONAL_REPRESENTATION('',(#3972),#3976);
#3972 = LINE('',#3973,#3974);
#3973 = CARTESIAN_POINT('',(3.09870392355,-120.));
#3974 = VECTOR('',#3975,1.);
#3975 = DIRECTION('',(0.,1.));
#3976 = ( GEOMETRIC_REPRESENTATION_CONTEXT(2) 
PARAMETRIC_REPRESENTATION_CONTEXT() REPRESENTATION_CONTEXT('2D SPACE',''
  ) );
#3977 = ORIENTED_EDGE('',*,*,#435,.T.);
#3978 = ORIENTED_EDGE('',*,*,#3739,.T.);
#3979 = ORIENTED_EDGE('',*,*,#837,.T.);
#3980 = ORIENTED_EDGE('',*,*,#3981,.T.);
#3981 = EDGE_CURVE('',#812,#3472,#3982,.T.);
#3982 = SURFACE_CURVE('',#3983,(#3987,#3994),.PCURVE_S1.);
#3983 = LINE('',#3984,#3985);
#3984 = CARTESIAN_POINT('',(99.657459761814,-25.85795185807,
    -5.737335804366));
#3985 = VECTOR('',#3986,1.);
#3986 = DIRECTION('',(0.,0.965925826289,0.258819045103));
#3987 = PCURVE('',#509,#3988);
#3988 = DEFINITIONAL_REPRESENTATION('',(#3989),#3993);
#3989 = LINE('',#3990,#3991);
#3990 = CARTESIAN_POINT('',(2.902019352862,-120.));
#3991 = VECTOR('',#3992,1.);
#3992 = DIRECTION('',(-0.,1.));
#3993 = ( GEOMETRIC_REPRESENTATION_CONTEXT(2) 
PARAMETRIC_REPRESENTATION_CONTEXT() REPRESENTATION_CONTEXT('2D SPACE',''
  ) );
#3994 = PCURVE('',#826,#3995);
#3995 = DEFINITIONAL_REPRESENTATION('',(#3996),#4000);
#3996 = LINE('',#3997,#3998);
#3997 = CARTESIAN_POINT('',(-0.,-120.));
#3998 = VECTOR('',#3999,1.);
#3999 = DIRECTION('',(0.,1.));
#4000 = ( GEOMETRIC_REPRESENTATION_CONTEXT(2) 
PARAMETRIC_REPRESENTATION_CONTEXT() REPRESENTATION_CONTEXT('2D SPACE',''
  ) );
#4001 = ORIENTED_EDGE('',*,*,#3492,.F.);
#4002 = ORIENTED_EDGE('',*,*,#3885,.F.);
#4003 = ORIENTED_EDGE('',*,*,#3050,.F.);
#4004 = ADVANCED_FACE('',(#4005),#826,.F.);
#4005 = FACE_BOUND('',#4006,.F.);
#4006 = EDGE_LOOP('',(#4007,#4008,#4009,#4030));
#4007 = ORIENTED_EDGE('',*,*,#3981,.F.);
#4008 = ORIENTED_EDGE('',*,*,#811,.T.);
#4009 = ORIENTED_EDGE('',*,*,#4010,.F.);
#4010 = EDGE_CURVE('',#3200,#577,#4011,.T.);
#4011 = SURFACE_CURVE('',#4012,(#4016,#4023),.PCURVE_S1.);
#4012 = LINE('',#4013,#4014);
#4013 = CARTESIAN_POINT('',(96.558755838264,205.9642464513,
    56.379235020239));
#4014 = VECTOR('',#4015,1.);
#4015 = DIRECTION('',(0.,-0.965925826289,-0.258819045103));
#4016 = PCURVE('',#826,#4017);
#4017 = DEFINITIONAL_REPRESENTATION('',(#4018),#4022);
#4018 = LINE('',#4019,#4020);
#4019 = CARTESIAN_POINT('',(3.09870392355,120.));
#4020 = VECTOR('',#4021,1.);
#4021 = DIRECTION('',(-0.,-1.));
#4022 = ( GEOMETRIC_REPRESENTATION_CONTEXT(2) 
PARAMETRIC_REPRESENTATION_CONTEXT() REPRESENTATION_CONTEXT('2D SPACE',''
  ) );
#4023 = PCURVE('',#730,#4024);
#4024 = DEFINITIONAL_REPRESENTATION('',(#4025),#4029);
#4025 = LINE('',#4026,#4027);
#4026 = CARTESIAN_POINT('',(2.874269162074,120.));
#4027 = VECTOR('',#4028,1.);
#4028 = DIRECTION('',(0.,-1.));
#4029 = ( GEOMETRIC_REPRESENTATION_CONTEXT(2) 
PARAMETRIC_REPRESENTATION_CONTEXT() REPRESENTATION_CONTEXT('2D SPACE',''
  ) );
#4030 = ORIENTED_EDGE('',*,*,#3471,.F.);
#4031 = ADVANCED_FACE('',(#4032),#730,.T.);
#4032 = FACE_BOUND('',#4033,.T.);
#4033 = EDGE_LOOP('',(#4034,#4055,#4056,#4057));
#4034 = ORIENTED_EDGE('',*,*,#4035,.T.);
#4035 = EDGE_CURVE('',#3179,#551,#4036,.T.);
#4036 = SURFACE_CURVE('',#4037,(#4041,#4048),.PCURVE_S1.);
#4037 = LINE('',#4038,#4039);
#4038 = CARTESIAN_POINT('',(45.441244161736,205.9642464513,
    56.379235020239));
#4039 = VECTOR('',#4040,1.);
#4040 = DIRECTION('',(0.,-0.965925826289,-0.258819045103));
#4041 = PCURVE('',#730,#4042);
#4042 = DEFINITIONAL_REPRESENTATION('',(#4043),#4047);
#4043 = LINE('',#4044,#4045);
#4044 = CARTESIAN_POINT('',(0.267323491515,120.));
#4045 = VECTOR('',#4046,1.);
#4046 = DIRECTION('',(0.,-1.));
#4047 = ( GEOMETRIC_REPRESENTATION_CONTEXT(2) 
PARAMETRIC_REPRESENTATION_CONTEXT() REPRESENTATION_CONTEXT('2D SPACE',''
  ) );
#4048 = PCURVE('',#565,#4049);
#4049 = DEFINITIONAL_REPRESENTATION('',(#4050),#4054);
#4050 = LINE('',#4051,#4052);
#4051 = CARTESIAN_POINT('',(0.,120.));
#4052 = VECTOR('',#4053,1.);
#4053 = DIRECTION('',(-0.,-1.));
#4054 = ( GEOMETRIC_REPRESENTATION_CONTEXT(2) 
PARAMETRIC_REPRESENTATION_CONTEXT() REPRESENTATION_CONTEXT('2D SPACE',''
  ) );
#4055 = ORIENTED_EDGE('',*,*,#576,.T.);
#4056 = ORIENTED_EDGE('',*,*,#4010,.F.);
#4057 = ORIENTED_EDGE('',*,*,#3199,.F.);
#4058 = ADVANCED_FACE('',(#4059),#565,.F.);
#4059 = FACE_BOUND('',#4060,.F.);
#4060 = EDGE_LOOP('',(#4061,#4062,#4063,#4064));
#4061 = ORIENTED_EDGE('',*,*,#4035,.T.);
#4062 = ORIENTED_EDGE('',*,*,#550,.T.);
#4063 = ORIENTED_EDGE('',*,*,#3957,.T.);
#4064 = ORIENTED_EDGE('',*,*,#3178,.F.);
#4065 = ( GEOMETRIC_REPRESENTATION_CONTEXT(3) 
GLOBAL_UNCERTAINTY_ASSIGNED_CONTEXT((#4069)) 
GLOBAL_UNIT_ASSIGNED_CONTEXT((#4066,#4067,#4068)) REPRESENTATION_CONTEXT
('Context #1','3D Context with UNIT and UNCERTAINTY') );
#4066 = ( LENGTH_UNIT() NAMED_UNIT(*) SI_UNIT(.MILLI.,.METRE.) );
#4067 = ( NAMED_UNIT(*) PLANE_ANGLE_UNIT() SI_UNIT($,.RADIAN.) );
#4068 = ( NAMED_UNIT(*) SI_UNIT($,.STERADIAN.) SOLID_ANGLE_UNIT() );
#4069 = UNCERTAINTY_MEASURE_WITH_UNIT(LENGTH_MEASURE(2.E-07),#4066,
  'distance_accuracy_value','confusion accuracy');
#4070 = CONTEXT_DEPENDENT_SHAPE_REPRESENTATION(#4071,#4073);
#4071 = ( REPRESENTATION_RELATIONSHIP('','',#32,#10) 
REPRESENTATION_RELATIONSHIP_WITH_TRANSFORMATION(#4072) 
SHAPE_REPRESENTATION_RELATIONSHIP() );
#4072 = ITEM_DEFINED_TRANSFORMATION('','',#11,#15);
#4073 = PRODUCT_DEFINITION_SHAPE('Placement','Placement of an item',
  #4074);
#4074 = NEXT_ASSEMBLY_USAGE_OCCURRENCE('3','=>[0:1:1:2]','',#5,#27,$);
#4075 = PRODUCT_RELATED_PRODUCT_CATEGORY('part',$,(#29));
ENDSEC;
END-ISO-10303-21;
